-- phpMyAdmin SQL Dump
-- version 5.2.0
-- https://www.phpmyadmin.net/
--
-- Host: 127.0.0.1
-- Generation Time: May 07, 2023 at 02:06 AM
-- Server version: 10.4.27-MariaDB
-- PHP Version: 8.2.0

SET SQL_MODE = "NO_AUTO_VALUE_ON_ZERO";
START TRANSACTION;
SET time_zone = "+00:00";


/*!40101 SET @OLD_CHARACTER_SET_CLIENT=@@CHARACTER_SET_CLIENT */;
/*!40101 SET @OLD_CHARACTER_SET_RESULTS=@@CHARACTER_SET_RESULTS */;
/*!40101 SET @OLD_COLLATION_CONNECTION=@@COLLATION_CONNECTION */;
/*!40101 SET NAMES utf8mb4 */;

--
-- Database: `buyzone`
--

-- --------------------------------------------------------

--
-- Table structure for table `admin`
--

CREATE TABLE `admin` (
  `id` int(11) NOT NULL,
  `fullname` varchar(100) NOT NULL,
  `email` varchar(100) NOT NULL,
  `address` varchar(100) NOT NULL,
  `username` varchar(100) NOT NULL,
  `password` varchar(100) NOT NULL,
  `role` enum('admin','user') NOT NULL DEFAULT 'user'
) ENGINE=InnoDB DEFAULT CHARSET=utf8 COLLATE=utf8_unicode_ci;

--
-- Dumping data for table `admin`
--

INSERT INTO `admin` (`id`, `fullname`, `email`, `address`, `username`, `password`, `role`) VALUES
(2, 'Admin', 'admin@gmail.com', 'Can Tho', 'admin', '12345678', 'admin');

-- --------------------------------------------------------

--
-- Table structure for table `cart`
--

CREATE TABLE `cart` (
  `id` int(11) NOT NULL,
  `user_id` int(11) NOT NULL,
  `product_id` int(11) NOT NULL,
  `quantity` int(11) NOT NULL,
  `created_at` datetime NOT NULL,
  `updated_at` datetime NOT NULL
) ENGINE=InnoDB DEFAULT CHARSET=utf8 COLLATE=utf8_unicode_ci;

-- --------------------------------------------------------

--
-- Table structure for table `categories`
--

CREATE TABLE `categories` (
  `id` int(11) NOT NULL,
  `name` varchar(255) NOT NULL,
  `category_image` varchar(255) NOT NULL,
  `created_at` date NOT NULL DEFAULT current_timestamp(),
  `slug` varchar(255) NOT NULL
) ENGINE=InnoDB DEFAULT CHARSET=utf8 COLLATE=utf8_unicode_ci;

--
-- Dumping data for table `categories`
--

INSERT INTO `categories` (`id`, `name`, `category_image`, `created_at`, `slug`) VALUES
(91, 'Điện thoại thông minh', 'ads5.png', '2023-04-24', 'dien-thoai-thong-minh'),
(92, 'Laptop và PC', '../uploads/1682272220_laptop.jpg', '2023-04-24', 'lap-top-pc'),
(93, 'Tivi và thiết bị gia dụng', 'tivi.jpg', '2023-04-24', 'tivi-thiet-bi-gia-dung'),
(94, 'Trang sức và làm đẹp', 'nhanvang.jpg', '2023-04-24', 'trang-suc-va-lam-dep'),
(95, 'Hàng mẹ bé và đồ chơi', 'dochoitreem.jpg', '2023-04-24', 'me-be-va-do-choi'),
(96, 'Siêu thị tạp hóa', 'sua.jpg', '2023-04-24', 'sieu-thi-tap-hoa'),
(97, 'Thời trang và phụ kiện Nữ', 'ads9.png', '2023-04-24', 'thoi-trang-va-phu-kien-nu'),
(98, 'Thời trang và phụ kiện Nam', 'aosomi2.jpg', '2023-04-24', 'thoi-trang-va-phu-kien-nam'),
(99, 'Thể thao và du lịch', 'Picture1.png', '2023-04-24', 'the-thao-va-du-lich'),
(100, 'Ôto, xe máy và xe điện', 'xedien.jpg', '2023-04-24', 'oto-xe-may-xe-dien'),
(101, 'Thời trang và phụ kiện Trẻ em', 'aotreem.jpg', '2023-04-24', 'thoi-trang-va-phu-kien-tre-em'),
(102, 'Nhà cửa và đời sống', 'maysaytoc1.jpg', '2023-04-24', 'nha-cua-va-doi-song');

-- --------------------------------------------------------

--
-- Table structure for table `orders`
--

CREATE TABLE `orders` (
  `id` int(11) NOT NULL,
  `customer_name` varchar(255) NOT NULL,
  `address` varchar(255) NOT NULL,
  `phone` varchar(20) NOT NULL,
  `email` varchar(255) NOT NULL,
  `total_price` decimal(10,2) NOT NULL,
  `status` enum('Dang xu ly','Dang giao','Da hoan thanh') NOT NULL DEFAULT 'Dang xu ly'
) ENGINE=InnoDB DEFAULT CHARSET=utf8 COLLATE=utf8_unicode_ci;

--
-- Dumping data for table `orders`
--

INSERT INTO `orders` (`id`, `customer_name`, `address`, `phone`, `email`, `total_price`, `status`) VALUES
(57, 'Nguyễn Trường Giang', '3/2, Ninh Kiều, Cần Thơ', '0374839820', 'giangb1906463@student.ctu.edu.vn', '17900000.00', ''),
(61, 'Trần Khánh Huy', '3/2, Ninh Kiều, Cần Thơ', '0374899837', 'huyb1906483@student.ctu.edu.vn', '21090000.00', ''),
(62, 'Lê Minh Đức', '3/2, Ninh Kiều, Cần Thơ', '0374873628', 'ducb1906460@student.ctu.edu.vn', '219000.00', '');

-- --------------------------------------------------------

--
-- Table structure for table `order_items`
--

CREATE TABLE `order_items` (
  `id` int(11) NOT NULL,
  `order_id` int(11) DEFAULT NULL,
  `product_id` int(11) DEFAULT NULL,
  `product_name` varchar(255) DEFAULT NULL,
  `product_price` decimal(10,2) DEFAULT NULL,
  `quantity` int(11) DEFAULT NULL
) ENGINE=InnoDB DEFAULT CHARSET=utf8 COLLATE=utf8_unicode_ci;

--
-- Dumping data for table `order_items`
--

INSERT INTO `order_items` (`id`, `order_id`, `product_id`, `product_name`, `product_price`, `quantity`) VALUES
(1, 57, 88, 'Tivi siêu mỏng LG UHD 4K 65inch | 65UQ9100', '17900000.00', 1),
(6, 61, 87, 'Laptop MSI Modern 14 B11MO màu bạc', '21090000.00', 1),
(7, 62, 92, 'Giày cao gót slingback Erosska cao 5cm màu kem', '219000.00', 1);

-- --------------------------------------------------------

--
-- Table structure for table `products`
--

CREATE TABLE `products` (
  `id` int(11) NOT NULL,
  `name` varchar(255) NOT NULL,
  `price` decimal(18,2) NOT NULL,
  `description` text NOT NULL,
  `category_id` int(11) NOT NULL,
  `created_at` timestamp NOT NULL DEFAULT current_timestamp(),
  `category_slug` varchar(255) NOT NULL,
  `images` text NOT NULL,
  `updated_at` timestamp NOT NULL DEFAULT current_timestamp(),
  `quantity` int(11) NOT NULL
) ENGINE=InnoDB DEFAULT CHARSET=utf8 COLLATE=utf8_unicode_ci;

--
-- Dumping data for table `products`
--

INSERT INTO `products` (`id`, `name`, `price`, `description`, `category_id`, `created_at`, `category_slug`, `images`, `updated_at`, `quantity`) VALUES
(86, 'Điện thoại Iphone 14 Pro Max 128GB', '25000000.00', 'Điện thoại Iphone 14 Pro Max 128GB', 91, '2023-04-23 18:16:55', 'dien-thoai-thong-minh', '', '2023-04-23 18:16:55', 0),
(87, 'Laptop MSI Modern 14 B11MO màu bạc', '21090000.00', 'Bạn đang mong muốn sở hữu cho mình chiếc laptop có tốc độ hoạt động nhanh chóng nhưng kèm theo đó là sự mỏng nhẹ, phong cách thì laptop MSI Modern 14 B11MO 294VN chính là lựa chọn hoàn hảo dành đến bạn lúc này.	', 92, '2023-04-23 18:24:20', 'lap-top-pc', '', '2023-04-23 18:24:20', 0),
(88, 'Tivi siêu mỏng LG UHD 4K 65inch | 65UQ9100', '17900000.00', 'Điều khiển dễ dàng chỉ bằng giọng nói của bạn. Điều khiển bằng giọng nói thông minh thông qua Trợ lý Google, Amazon Alexa, Apple AirPlay và nhiều ứng dụng khác, giúp cho việc điều khiển TV LG UHD dễ dàng và nhanh hơn bao giờ hết.', 93, '2023-04-23 18:31:04', 'tivi-thiet-bi-gia-dung', '', '2023-04-23 18:31:04', 0),
(89, 'La Roche-Posay Anthelios Xl SPF50+ Dry Touch', '515000.00', 'Sản phẩm độc đáo với công nghệ XL-PROTECT TM chống nắng tối ưu – bảo vệ da trước tác hại từ ánh nắng & ô nhiễm kết hợp với nước khoáng giúp làm dịu và chống oxy hoá. Kết cấu lỏng nhẹ, khô thoáng, kiểm soát dầu, không gây bết dính, bóng nhờn để bạn luôn tự tin tỏa sáng.', 94, '2023-04-23 18:35:10', '', '', '2023-04-23 18:35:10', 0),
(90, 'Đai đi xe máy an toàn cho bé (từ 1 đến 10 tuổi) Babyup', '129000.00', 'Đai đi xe máy cho bé, cho bé an toàn và thoải mái khi ngồi sau lưng. Tấm đỡ lưng dài hơn để tăng độ an toàn, tránh bé lật ngửa về sau khi xe tăng ga đột ngột, hoặc lên dốc cao. Có 3 dây, 2 dây quàng qua 2 vai để cố định đại chắc chắn trên lưng bé, 1 dây vòng qua bụng cha mẹ (người lớn) giữ bé ngồi vững vàng trên xe.', 95, '2023-04-23 18:49:09', '', '', '2023-04-23 18:49:09', 0),
(91, 'Bàn Chải Đánh Răng Điện Xiaomi Mijia T100', '149000.00', 'Bàn chải điện T100 đặc biệt được Xiaomi trang bị động cơ rung với tần số cao 16500 vòng/phút cho khả năng hoạt động hiệu quả và làm sạch 360 độ cho các bộ phận trong khoang miệng. Mức âm thanh 60dB khá êm ái, giảm độ giật nên sẽ không gây nhiều tiếng ồn ảnh hưởng đến thao tác sử dụng. 2 chế độ chải mạnh mẽ, tiêu chuẩn đáp ứng đầy đủ nhu cầu cho người dùng.', 96, '2023-04-23 18:54:45', '', '', '2023-04-23 18:54:45', 0),
(92, 'Giày cao gót slingback Erosska cao 5cm màu kem', '219000.00', 'Nhã nhặn, lịch thiệp nhưng vẫn giữ cho các nàng nét nữ tính, trẻ trung, giày cao gót quai vắt sau gót được thiết kế hở gót với phần quai mảnh vắt phía sau đem đến cảm giác thoải mái, không bị ngột ngạt. Phần đế giày thường không quá cao để bạn có thể thoải mái di chuyển và rất tiện phối đồ nhiều phong cách.', 97, '2023-04-23 19:10:04', '', '', '2023-04-23 19:10:04', 0),
(93, 'Mũ lưỡi trai thể thao trơn màu đen CAPMAN', '105000.00', 'THÔNG TIN SẢN PHẨM : - Chất liệu: được dệt từ vải kaki cao cấp. - Không gây kích ứng da đầu, không ra màu. - Size: freesize, dễ dàng điều chỉnh size bằng khóa sau mũ, vòng đầu 52-58cm thích hợp cho cả nam nữ. - Do màn hình và điều kiện ánh sáng khác nhau, màu sắc thực tế của sản phẩm có thể chênh lệch khoảng 3-5%.', 98, '2023-04-24 03:04:30', '', '', '2023-04-24 03:04:30', 0),
(94, 'Balo DRU nam nữ chống nước kiểu dáng thể thao', '210000.00', 'Thông tin sản phẩm của balo nam nữ đi học ulzzang :\r\n\r\n- Sản phẩm có kích thước: 43cm x 29cm x 16cm (cao x dài x rộng)\r\n\r\n- Trọng lượng: ~ 560g \r\n\r\n- Chất liệu: vải nylon cao cấp chống nước.\r\n\r\n- Sản phẩm phù hợp với nhiều đối tượng: học sinh, sinh viên, văn phòng, nam nữ, unisex ...\r\n\r\n- Mục đích sử dụng: đi học, đi làm, đi chơi.\r\n\r\n-Có 2 màu : đen và ghi. Màu sắc trẻ trung, cá tính, dễ phối đồ.', 99, '2023-04-24 03:10:33', '', '', '2023-04-24 03:10:33', 0),
(95, 'Xe điện cân bằng Funiko BW7,7 kết nối Bluetooth', '2080000.00', 'Hệ thống đường xá ngày một sạch đẹp thuận tiện thì việc sở hữu một chiếc Xe điện cân bằng cao cấp là vô cùng cần thiết. Giúp bạn có thể di chuyển khoảng cách ngắn, len lỏi mọi ngõ ngách dễ dàng, thể hiện cá tính, đón đầu xu hướng công nghệ, tiết kiệm xăng và bảo vệ môi trường. \r\n\r\nXe điện cân bằng cao cấp, Xe cân bằng điện Funiko BW7 có thiết kế 2 bánh lớn 7 inch là phiên bản mới nhất 2022 với tính năng tự cân bằng giống chiếc Mini Robot Pro.Tính năng này giúp cho người lái nhất là những người mới chơi dễ dàng đứng lên xe mà không lo bị xe bị trượt về phía trước.', 100, '2023-04-24 03:16:14', '', '', '2023-04-24 03:16:14', 0),
(96, 'Gấu bông yoroshiko cao cấp hàng Quảng Châu', '199000.00', 'Thông tin sản phẩm:Gấu Bông Gấu Dâu, Gấu Lotso Đeo Yếm Cao Cấp- Hàng Nhập Khẩu Dễ Thương\r\n\r\nSize: 55cm 75cm\r\n\r\nChất liệu: vỏ gấu làm từ vải lông thỏ mềm mại, sờ vào rất mướt tay. Bông gòn trắng cao cấp, độ đàn hồi cao, tạo cảm giác êm ái khi sử dụng\r\n\r\nTất cả các sản phẩm điều được ép chân không khi vận chuyển để giảm thiểu chi phí, Khi khách mở ra cần đợi khoảng nữa ngày để gấu bung gòn về phom', 101, '2023-04-24 03:22:58', '', '', '2023-04-24 03:22:58', 0),
(97, 'Máy sấy tóc mini JIASHI tạo kiểu tóc 1500w', '79000.00', 'THÔNG TIN SẢN PHẨM MÁY SẤY TÓC JIASHI: \r\n- Thương hiệu: JIASHI \r\n- Kích thước khi lắp cả đầu sấy: 24*16.5cm (chi tiết xem ở ảnh)\r\n- Công suất lớn: 1500W\r\n- Điện áp định mức: 220V\r\n- Hai chế độ sấy: Nóng và Lạnh\r\n+ Mức 1: Sấy lạnh\r\n+ Mức 2: Sấy nóng', 102, '2023-04-24 03:40:13', '', '', '2023-04-24 03:40:13', 0),
(99, 'Laptop MSI Modern 14 B11MO màu bạc', '21090000.00', 'Bạn đang mong muốn sở hữu cho mình chiếc laptop có tốc độ hoạt động nhanh chóng nhưng kèm theo đó là sự mỏng nhẹ, phong cách thì laptop MSI Modern 14 B11MO 294VN chính là lựa chọn hoàn hảo dành đến bạn lúc này.', 92, '2023-04-24 07:23:31', 'lap-top-pc', '', '2023-04-24 07:23:31', 0),
(102, 'Điện Thoại Realme C55 (6GB/128GB) - Sang trọng', '4290000.00', 'Màu sắc Vàng Nắng Mai - Đen Trời Đêm\r\nMàn hình Tấm nền màn hình (IPS LCD, Super AMOLED, OLED, Retina,...)LCD\r\nĐộ phân giải màn hình (pixels)FHD+ 1080*2400\r\nKích thước màn hình (inch)6.72 inch（17.07cm)\r\nTốc độ làm tươi (số khung hình / giây) của màn hình (Hz)90Hz\r\nĐộ sáng màn hình tối đa (nits)680nit\r\nMặt kính cảm ứng (Kính thường, Kính cường lực Gorilla Glass 3,...)', 91, '2023-05-06 23:27:02', 'dien-thoai-thong-minh', '', '2023-05-06 23:27:02', 0),
(103, 'Đồng hồ thông minh Xiaomi Redmi Watch 3', '2790000.00', 'Tầm giá chưa đến 3 triệu đồng thì một chiếc smartwatch vừa có nghe gọi vừa được trang bị GPS độc lập khá hiếm thấy nhưng gần đây Xiaomi đã cho ra mắt sản phẩm đồng hồ thông minh Xiaomi Redmi Watch 3 có cả hai tính năng trên. Bên cạnh đó còn được trang bị nhiều tính năng hỗ trợ theo dõi sức khỏe và luyện tập phục vụ cho người dùng. Ngoại hình tương đồng với các thế hệ trước.', 98, '2023-05-06 23:31:31', 'thoi-trang-va-phu-kien-nam', '', '2023-05-06 23:31:31', 0),
(104, 'Tai nghe Bluetooth Beats High-Performance', '3190000.00', 'Với thiết kế tối giản, kiểu dáng hiện đại, chất âm thu hút, lôi cuốn,... tai nghe Bluetooth Beats High-Performance chắc hẳn sẽ là người bạn đồng hành lý tưởng cho bạn một không gian âm nhạc tuyệt vời. Tai nghe được thiết kế đơn giản, hướng đến sự tiện lợi cho người dùng. Đệm tai êm ái, móc tai có thể điều chỉnh, bám sát vào tai, tối đa hóa sự thoải mái và ổn định khi đeo, tránh rơi rớt.', 93, '2023-05-06 23:33:20', 'tivi-thiet-bi-gia-dung', '', '2023-05-06 23:33:20', 0);

-- --------------------------------------------------------

--
-- Table structure for table `product_images`
--

CREATE TABLE `product_images` (
  `id` int(11) NOT NULL,
  `product_id` int(11) NOT NULL,
  `image_path` varchar(255) NOT NULL
) ENGINE=InnoDB DEFAULT CHARSET=utf8 COLLATE=utf8_unicode_ci;

--
-- Dumping data for table `product_images`
--

INSERT INTO `product_images` (`id`, `product_id`, `image_path`) VALUES
(138, 90, '../uploads/daidixemay1.jpg'),
(139, 90, '../uploads/daidixemay2.jpg'),
(140, 90, '../uploads/daidixemay3.jpg'),
(141, 90, '../uploads/daidixemay4.jpg'),
(146, 91, '../uploads/banchai1.jpg'),
(147, 91, '../uploads/banchai2.jpg'),
(148, 91, '../uploads/banchai3.jpg'),
(149, 91, '../uploads/banchai4.jpg'),
(150, 89, '../uploads/kemchongnang0.jpg'),
(151, 89, '../uploads/kemchongnang1.png'),
(152, 89, '../uploads/kemchongnang2.png'),
(153, 89, '../uploads/kemchongnang3.png'),
(158, 92, '../uploads/giaycaogot1.jpg'),
(159, 92, '../uploads/giaycaogot2.jpg'),
(160, 92, '../uploads/giaycaogot3.jpg'),
(161, 92, '../uploads/giaycaogot4.jpg'),
(166, 93, '../uploads/nonnam0.jpg'),
(167, 93, '../uploads/nonnam1.jpg'),
(168, 93, '../uploads/nonnam2.jpg'),
(169, 93, '../uploads/nonnam3.jpg'),
(170, 94, '../uploads/balo1.jpg'),
(171, 94, '../uploads/balo2.jpg'),
(172, 94, '../uploads/balo3.jpg'),
(173, 94, '../uploads/balo4.jpg'),
(174, 95, '../uploads/xediencanbang1.jpg'),
(175, 95, '../uploads/xediencanbang2.jpg'),
(176, 95, '../uploads/xediencanbang3.jpg'),
(177, 95, '../uploads/xediencanbang4.jpg'),
(178, 96, '../uploads/gaubong1.jpg'),
(179, 96, '../uploads/gaubong2.jpg'),
(180, 96, '../uploads/gaubong3.jpg'),
(181, 96, '../uploads/gaubong4.jpg'),
(182, 97, '../uploads/maysaytoc1.jpg'),
(183, 97, '../uploads/maysaytoc2.jpg'),
(184, 97, '../uploads/maysaytoc3.jpg'),
(185, 97, '../uploads/maysaytoc4.jpg'),
(190, 99, '../uploads/laptopmsi1.jpg'),
(191, 99, '../uploads/laptopmsi2.jpg'),
(192, 99, '../uploads/laptopmsi3.jpg'),
(193, 99, '../uploads/laptopmsi4.jpg'),
(226, 87, '../uploads/laptopmsi1.jpg'),
(227, 87, '../uploads/laptopmsi2.jpg'),
(228, 87, '../uploads/laptopmsi3.jpg'),
(229, 87, '../uploads/laptopmsi4.jpg'),
(230, 88, '../uploads/tv1.jpg'),
(231, 88, '../uploads/tv2.jpg'),
(232, 88, '../uploads/tv3.jpg'),
(233, 88, '../uploads/tv4.jpg'),
(238, 86, '../uploads/iphone14promax1.jpg'),
(239, 86, '../uploads/iphone14promax2.jpg'),
(240, 86, '../uploads/iphone14promax3.jpg'),
(241, 86, '../uploads/iphone14promax4.jpg'),
(242, 102, '../uploads/relme1.jpg'),
(243, 102, '../uploads/relme2.jpg'),
(244, 102, '../uploads/relme3.jpg'),
(245, 102, '../uploads/relme4.jpg'),
(246, 103, '../uploads/redmi-watch-3-100-3.jpg'),
(247, 103, '../uploads/redmi-watch-3-101-1020x570.jpg'),
(248, 103, '../uploads/redmi-watch-3-den-note-1.jpg'),
(249, 103, '../uploads/redmi-watch-3638153329487239745.jpg'),
(250, 104, '../uploads/bluetooth-high-performance-beats-mwnv2-mwnw2-mwnx2-1.jpg'),
(251, 104, '../uploads/bluetooth-high-performance-beats-mwnv2-mwnw2-mwnx2-2.jpg'),
(252, 104, '../uploads/bluetooth-high-performance-beats-mwnv2-mwnw2-mwnx2-4.jpg'),
(253, 104, '../uploads/bluetooth-high-performance-beats-mwnv2-mwnw2-mwnx2-5.jpg');

-- --------------------------------------------------------

--
-- Table structure for table `users`
--

CREATE TABLE `users` (
  `id` int(11) NOT NULL,
  `fullname` varchar(200) NOT NULL,
  `email` varchar(200) NOT NULL,
  `address` varchar(200) NOT NULL,
  `username` varchar(100) NOT NULL,
  `password` varchar(100) NOT NULL,
  `avatar` longblob NOT NULL,
  `create_at` datetime NOT NULL DEFAULT current_timestamp(),
  `update_at` datetime NOT NULL DEFAULT current_timestamp(),
  `role` enum('admin','user') NOT NULL DEFAULT 'user'
) ENGINE=InnoDB DEFAULT CHARSET=utf8 COLLATE=utf8_unicode_ci;

--
-- Dumping data for table `users`
--

INSERT INTO `users` (`id`, `fullname`, `email`, `address`, `username`, `password`, `avatar`, `create_at`, `update_at`, `role`) VALUES
(1, 'Nguyễn Trường Giang', 'giang@gmail.com', '3/2, Ninh Kieu, Can Tho', 'giang', '12345678', 0xffd8ffdb00430006040506050406060506070706080a100a0a09090a140e0f0c1017141818171416161a1d251f1a1b231c1616202c20232627292a29191f2d302d283025282928ffdb0043010707070a080a130a0a13281a161a2828282828282828282828282828282828282828282828282828282828282828282828282828282828282828282828282828ffc000110804b0051403012200021101031101ffc4001c0001000203010101000000000000000000000506030407020108ffc400551001000201030005070903060c04040603000102030405110612213141132251617181910714324252a1b1c1d123337215166292e1f024343643535573748293b2c2355463a2178394f1082565a3b3e23744d2ffc4001c0101000105010100000000000000000000000401020305060708ffc4004311010002010203030a04050203070500000001020304110521311241510613223261718191a1b114c1d1f007334252e115233462721692a2b2c2d2f117255354e2ffda000c03010002110311003f00ba00bde2e00000000000000000000000000000000000000000000000000000000000000000000000000000000000000000000000000000000000000000000000000000000000000000000000000000000000000000000000000000000000000000000000000000000000000000000000000000000000000000000000000000000000000000000000000000000000000000000000000000000000000000000000000000000000000000000000000000000000000000037b69da757bae59c7a4a75a2bf4af33c56bed964d8767d46f1abf2787cdc55edc99663b2b1fafa979d4ebf47b07ccf6ad052b39af92b5b477f56266226d6f5cff007f0265b8e1dc32b9e3f11a99ece38f9ccf847eff00c53b77e8debf6bc319b3d71e4c51df6c533315f6f311285753dcf7ac3a2dea9a0d756bf36cf8627af3dd13336898b7aa78854ba57d1cb6dd79d5e8e26fa2b4f3311db38ffb3d66e93c538463c5dac9a49de2bcad1df1edf72b200e780000000000001ead4bd38ebd6d5f6c70f22b31b000a00000000003d4d2f15eb4d6dd5f4f1d8f22b313000280b4f487a2f4dab6aaeaaba8b64bc5a2b9226bc44f3e855849d5e932e8efe6f346d3b6e002303674ba0d66afb74ba5cf9a3d34a4cc7c5f755b76b7495eb6ab499f157ed5f1cc47c464f3393b3dbeccede3dcd500630000000000000000000000000000000000000000000000000000000000000000000000000000000000000000000000000000000000000000000000000000000000000000000000000000000000000000125d1bd2e1d6ef7a6d3ea69d7c37b4c5abccc73d933df03261c539b2571d7ada623e68d16eac747f4dbac6d96d0e4cf3e57c95f3db24c71699e3b223c227b3f57cdc71ec7b1eb674997479359939eb5ed6c931e4e27b622223be78e0ddb19e1535acded96bb44ed3d794f874e7f0de394f35484ef4a36ed36dbbce3a618b7cd72d2b962b13db11333131133ecfbdb58759d1bf2f4c15daf35b15ad159cb7c93d6f6f1126ec3f809ae5b62c992b59acedcf7e7eeda255813db96c5e4fa4f1b6e96d314c96acd26ddbd5acc733f0edf83775d93a3fb66a27473b764d5db1cf57264b65989e7c78e3fb0dd7470dbc76fceda29159ecef3bf5f08da2511d22daabb46af161ae59cb1930c65e66bc71cccc71f722d6de9c619d5748741830c47393063a539f5ded10f9affe43d9b51f32c9a0c9accb8f8f2b96d926bdb31cf644091aae1d58cf97b3314a5676de77f972de553137d29db706833e9b2e866df35d4e28cb8e2d3ccc7abef86a747e9a4cbbc69b16e18e3269f25ba931d698e267b2279898f1e040be92f4d47e1ed3113bc46fddcfbfdc8f139936598e95ced94898c7397b3d58fe97fd2f7d2edaf0edfacc193435e349a8a738f899b76c77c76f6fa27de2fb70fcd4c77cb31ca93b4fbff7b7ce10358e6d1133c44f8a4b7edbf4fb7e7c58f4baca6aab6a45a6d4e3cd9f74cb63a51a2d2edd7d1e9b0538cf5c316cf6eb4cf5ad3ea99eceef0f4b6fa41a4dbb6adf74716d2dafa3b69e2f9315725b9b5a7ad1cf3cf31dd1f019bf0538eb9297ecef59ac4cef3cb7f7473f6fbb96e80d5e8f51a4f27f39c56c5392bd7a45bb398f4b76db556bd1ea6e7e5a7ad6cbe4bc9f57b3c7b79f72d1d2cd4ed58fe6d5d5e82f9b25b4f138ad19263a91dbc477f6b5f6d8d0ff0032297dcbaf6c18f3cdba949e26f6ee8afde26ffa5e2c79f261edc4ed599efe53cb9cf288efeedd4b16dc1a7da77adb35d6d1e8ada3d4e971ce4af179b75a3b67c7d9f7aa4353a9d2ce9e2b6ed45ab6e931bfba7ac44892d8767d46f1abf2787cdc55edc99663b2b1fafa9a3a6c33a8d4e2c359e2725e2913e8e678742def5d8ba2fb5e1d1edf8b8cd789eaccc777a6d3e99fefea12f86e8b1e68b6a3513b63a75f199ee8878de774d2f46f6faedfb6d69f39e3dbd4e7eb5bd333e8fc949db725f36f5a4c996d37bdb5149b5ad3ccccf5a1a99725f365b64cb69bded3cdad69e666568e81ed1875da9c9abd4736ae9ed5ea56278e6ddfccfb383a33fe233716d5e3c58e36ac4fa31dd111fe1f7e523ff1cc1feed5ff00aacf7d13e91d715236edd262fa6b475697bf6c5627eadbfa3f87b3ba6fa73b4e1d56df935ddb1a9c158e279ec9af3dd31ef997365212789e4cfc33895b3567d6e7ec989ee959ba57d1cb6dd79d5e8e26fa2b4f3311db38ff00b3d6acae5d0ddf6f7b5369d6c796c5922698e6639e3b3e8cfa63fbf77743f4b76cc7b5ef16c3a7e6315e9192b59edeac4ccc71f18955135fa5c3970c6bb4bcab33b4d7fb67f442ba6e974fa6df3a238b0e1a5291e4fab5888fa192bfdbf74b992e1f277b8f92d6e5d064b7999a3af4edeeb477fc63f0257700cf4a6a270658f4724767f4f9f4547252d8f25a97acd6f5998989ef8986c6d9a2bee1b860d2e2fa596dc73e88f19f74729ee9f6d9f35dd23558ebc62d4f6cfaaf1dff001ec9f8a4be4e76de299b71c91db6fd9e2e7d1e33f97ba4dd660e137b710fc1dba44f3f778fc61b7d359d2e87a3b4d2571d226d6ad31578edaf1db33f0ecf7b9d277a67b97f286f592296e7060fd953d7c77cfc7f084110b78deaaba9d5dbcdfab5f463e1fbe5ec6d6d9a2cbb8eb7169b4f1e7e49ef9eeac78ccba263d3ed1d16d2d2f966be567fce4d7ad92f3eaf447dc87f934d3d6736b73da23ad58ad2bea89e667f0848ef3d14c9bb6befa9cbb87579e22b4f23cf52b1e1f4bfbf2a4b73c2745930e8e355831c5f25a796fb7288e5bf398f0ee64d3f4b768d6dbc867ae5c75b767ede91d49f6f133f7a1fa61d1ac5a6c37d7edd5eae38edcb8a3ba23ed47abd4cff00cc0fff00529ff91fff0065976bdb6da4daa343a9cf1a9a45669d69af57cd9f0ef93dc9f5d26b38863b61e218a2276f46d1b729f84cb90273a1baed3e8379a5f5715ea5eb34ae49fa93331dbf97bd0d9a9e4f35e9cf3d5b4d79f63c2ae1f4f9ada6cd5cb5eb595efa6fb0794adb71d153ceac739a95f18fb51f9aa3b3edb9774d7534f823bfb6d6f0a57c66570e83efbe5e2bb76b2dfb4ac718ad3f5a3eccfb3c1afbd68f3f46776a6e5b7d667479278be38ee8e7beb3ea9f0f429bf73a3d66934dabec711c71fedccfa711d63c7fcfce3aa57a41f30d8fa376d1c63adbca5271e3a4c7336b71f4a7d9dfcb9ab7778dcb36ebadbea33cf7f656b1dd4af844349586a78b6babaccd1e6e36a56368f73d63a5b2e4a63c759b5ef315ad63be665d1b6ad936dd87431abdc6715b344736c992398acfa2b1e9fbd58e81e9eb9fa438a6f11318a96c9113e9ee8fc571e92f47f26f79b173aef238b1d7b29e4baddbe33df1ea525b7e07a298d3db594c7dbbefb56276dbdfcff7e0d78e9aed57cbe4ed5d44527b2725b1c7578f8f3f735fa41d1dd26e5a2f9eed314ae6eaf5eb18be8e48f6784ff796bff303ff00d4a7fe47ff00d93dd1bd9b26cd8b361b6afe718ef316ad7c9f57a93e3e33dfd9f03dcdb62c3aed66f8788e28eccf498db789f9cfefaf2727f112bd29c15d374835d8f1f1c794eb471e1d688b7e68a55c1e6c538725b1cf5accc7c9d43e503fc9cbff00b4a397ba87ca07f9397ff69472f521bef2a7fe363fe98fcc58fa13b461dcf5d9726a622f834f113349fad69e78e7d5d92ae27fa1fbd5368d6648d444fcdf3c445ed11db598e789fbe5596af85ce18d5e39d47a9bf3fcbebb2cdbcf4b74fb5e7b69349a68cb7c7e6dbb7a94acfa23b3b5836ee9b69b3dfc9ee1a69c359ec9bd67af5f7c71cfe2ddd7747f6adf66dabd366e325bb6d7c3689899f5c7a7e082d5f41f598e9d6d26a3167ecfa368ea4cfe31f7a9c9d5eaafc631e59c9876b63ee88da636eee5d7e5f369f4cabb4f97c1936ab639bde2672c629f323bb8f64f7f72bacfabd2ea3479ad8b538af8af1df5b47f7e581571daccb39b35af348accf7472d80046000000000000000000000000000000000000000000000000000000000000000000000000000000000000000000000000000000000000000000000000000000000000000000000000000000000000133d0dff29b43fc53ff004ca199b49a9cda5cf4cfa7bcd3253b6b688ee19f4d9630e6a649e95989f94ee94d47f96593fdfe7ffe47be9c7f953adff83fe8aa1eda9cb6d5cea66f339e6fe526fc7d6e79e7e2fbabd4e5d66a6f9f5369be5bf1d6b4c77f11c7e102464d556f86f8e239dafdaf86d3faae1be69716bb7fd8f4f9e663164c148b713c73df3c7bfb8d467d4e1de276fdbb64d2d71d2d15adad839998fb536eee3d6a9eab70d5eab2e1c99f3dad930c4571dbba6b11ddc70ddcfd23ddb3e9e7065d6de71cc713c56b1331ed88e4d9b1ff0054c136bdb69acccc4ef111bcc44446d333d3e1bfb962d5e58c5f29382d9278acf148f6ce3988fbe55edef6cd5c74835586b8725ed9735ad8f8899eb45a7989e7ded0d6ebb51add4467d5649be5888ac5b8889e23bbb921fce7de3c8792f9edbabc71d6ead7adc7b78e7de6cc39b5ba6d4f6eb97b511379b46d11bf3eb13bcfbb9f34ef4a72574bd30da7265988a63c78bad3e88ebdb9964e92eedbe6ddb9de98667e6d6e2715a3145a2638eee78efef53757add46b230c6a724e4f2348c74e623b2b1e1eb48693a49bae930461c3aa9f2711c445eb16eac7aa660d99bfd5a96b65dad6a45a62626bd7a6d313ce397c58f7dd6ee3abcb87f9522d5bd69cd22d4ea764f8f1ee465666b316acf131db130cfadd66a35d9e736af35b2e4e38e6de11e88f435c6975193cee59bf6a67db3d7e2e89aad562a6db1d22acd63517d2461aff00b499e39f74f3ee869f45631ef1b461d2ea263ca683515cb5eb78d39e78fc7ee53edadcf7d053476bf3a7a5e72569c774c9a2d6e7d14e59d35e2b3971ce2bf677d64d9baff59adb3d2f6afa3b6d68f199eb3f388f932ef7ac9dc375d56abc325e66bfc31d91f74426fe50bff16d27fba53feab2aed9d76bb53afcb4c9abcb396f5ac52266223888e7b3b3db26cd6c6af7c596b7f5af313f29999fbac5d36c1972e6db67162bde274d58e6b59978c9ff00f8f717fbdfea8ec1d23dd706969a7c5aa98a523ab5f32b3311e8e78e5a33aed4ce8a3473967e6d16ebc5388e39f49b2666d760b64c9969bef7acc4c4c4729e5ede7d13fd0afdc6f5fee96fc25576ce8f5da9d1c668d3659c7196bd4bf111e747a1ac2066cf5c9831628eb5dfeb3bbed2d6a5eb7a4f16acf3131e12e89a2d568ba5bb5ce9b57118f5b8e39ecefacfdaafabd31fd92e74cba6d465d36a299f05e71e5a4f35b4780cdc3b5f3a4b4d6f1daa5b95a3c7fcc36376db73ed9abb60d4c71e35b4775e3d30dae8eef79b66d464b5291970e4888be399e39e3ba627d3dab7e8b55a2e96ed73a7d54571eb71c73d9df13f6abeaf4c7f64a8dbb6db9f6cd5db06a638f1ada3baf1e982252b55a5b686d5d668edbd27a4f87b27edcfee9be90f4b2fb9e9274ba7c3e4315f8ebdad6e66d1e8f52b38b1df365ae3c559bded3c56b58e6664c58ef9b2d71e2acdef69e2b5ac73332e81b46dba4e8c682770dce6275731c44476f579fab5f4cfa67f23a2dc58f51c6334e5cf6f46bd6d3d223ec6d1b6e93a31a09dc373989d5cc71111dbd5e7ead7d33e99fc94ade371cbba6e17d4e688af5bb2b48eead63ba1937cddb51bbeb273679e291d98f1c4f6523f5f5a388859c435f4cb58d369a36c55f9ccf8c8c9a6cf934da8c59f0cf1931da2f59f5c4b1835513359898eb0ea7bae1a748ba3319304566d7a465c7eabc77c7e30aded1d228d1f45751a79b757538a7a98bc278b73dbeeedfb993a09bd61d362cfa2d6e6a62c7cf94c56c96e2227c6399f8fc55ee924e96dbdeaada2bc5f0dafd6898eee67bf8f573ca9b3acd6f10df163d7e1b445ed134b477fbfe13cfe48d015724b8fc9beb2b8f59aad25a789cb58bd3d735e798f84fdcd7e974ee9b6ee97b5359ac8d2e6b4df14c66b44473df5efece3f056f4d9f2e9b3e3cd86f34c98e7ad5b4784ba06dfd27db374d2f90dd6b8f0df8f3ab92bce3b4fa627c3dea3a6d06a316af491a2c993cddeb3bd67a44efdca4c6f1ba4cc446e3ade7fdbdbf558b53b5ef38b62bebb51baeaab922bd6b69ed92df467c2679eff005709ba64e8ced969cf86fa28c91db1349f2968f6447330ab74aba496dd3fc1b4b16c7a4acf33cfd2c93e99f57abfbc1764d3e2d0e1bdb539bb7798dab15b4f5f19fdfcd5c04df443e635de2b7dc325295a566d8e6f3c57afcc71ccfc65573ba7c3e7f2d716f11bcf59ee5afa23b1d76bd25b5dad88aeaad5e7ceecf255f47b7d3f0f4a436dddb41d20c7aad3447358e6b34bfd7a7da8fefd8ac74d3a455d673a1d0e4eb608fdee4acf65e7d11ea56341abcda1d5d351a6b7572639e63d13e989f529b3aac9c63070fc95d269e3b58abcadeddfafefbfdcdce91ecf9767d7ce2b736c17edc593ed47a3db08b74bd6eaf6ddfba37972e6bd31cd6936e2d68eb62bc47f7f6b9a2b0d2f17d1e2d3658b60b6f4bc6f1ecf6273a15abae93a4182724c4532c4e299f44cf77dfc27fa755dc74b9a9acd1eab534d3cd62b7ae3cb688a4fa7889f15122789e63bd7cd87a5d832e9eba6de7b2dc757cacc75ab78fe947a494be15aac5934f6d0e6bf6379deb6f6f82a5fcb1b9ffac75bff003edfaac7b2ed9bdee5a0b6ab26ebacd3c4c7eca2d92f3d6f5cf6f6426e31f45b1dbe7116dbb9effa713ffb79fc90bd27e96535182fa4dae6d14b4756f9a638e63d158fcd4ea975d262d0c4e5d667edf2e55ada79a9d92f7c992d7c96b5ef69e66d69e6665e41572933bf39750f941ff27327fb4a7e2e5ee8fb474836ddcb6dae9f73c98b1e5eac5325734715bf1e3133d9fa343a43a4e8e62da335b47934df39888f27e47375a79e7d1ccf6290ebb8c6969c467f1b872d76ecf499e7cbbbdea3b7743b5eb75d8b264d269f265c78fb2d358f1f47ae7d8d24f7467a457d9e2d872628cba5bdbad311d96acf1c7313ee8ec55cd68e982f962ba9b4d6be3084a5f260c9334b5f1e4af6764cc4c2636de92ee9a4cb488d45f514e78f27967afcfab9ef5b726b3a31bd717d4ce08cbe33979c56f7dbb39f8bee2c9d18d9e67360be9a72c775a979cd6e7d5dfc29bb7d83855f05fce61d55629e3dafcba7d4e9ee0c79b60aea32522b9715ab35e7be39ec98fefe87364ff4a3a436de2d18b0d271e9693cd62ddf69f4cfe880561aee39aac5aad5cdf0f4da237f1f6800d400000000000000000000000000000000000000000000000000000000000000000000000000000000000000000000000000000000000000000000000000000000000000000000000000000000000000000000000000000000000000000000032e9b51974da8a67c179c79693cd6d1e0e81a3d568ba5db64e9b5715c7ada473d9df13f6abeaf4c7f64b9d3ed2f6a5a2d4b4d6d1dd313c4c1b363a0e236d24cd2d1daa5bad67bff0049744d0ed7a1e8ae9f26b7599a32e7eea5babc4ff0d63d33e952f7cddb51bbeb273679e291d98f1c4f6523f5f5b4b3e7cda8b45b3e5c996d1dd37b4dbf163365fade2519b1c69f4f5ec638eef19f19f1001ab00000000000000000000000000000000000000000000000000000000000000000000000000000000000000000000000000000000000000000000000000000000000000000000000000000000000000000000000000000000000000000000000000000000000000000000000000000000000000000000000000000000000000000000000000000000000000000000000000000000000000000000000000000000000000000000000000000000000000000000000000000000000000000000000000000000000000000000000000000000000000000000000000000000000000000000000000000000000000000000000000000000000000000000000000000000000000000000000000000000000000000000000000000000000000000000000000000000000000000000000000000000000000000000000000000000000000000000000000000000000000000000000000000000000000000000000000000000000000000000004446f348dd6da6bc56b8a27a917e7eb7afdfd89763c59a9977ec4efb724ed770dd4e83b1f88aeddb88b47b627f7d3ac003220800000000000000000000000000000000000000000000000000000000000000000000000000000000000000000000000000000000000000000000000000000000000000000000000000000000000000000000000000000000000000000000000000000000000000000000000000000000000000000000000283aeff1dd47fb4b7e296da77b9c115c3abe6d8e3b2b7ef9afb7d2d0de714e2dcf5159f1b75a3dfdad272119b269b35a693cf77d1b7e1da3e37c37153515deb35acc4f7c6f11ce27f7ed740c39b1e7a45f0deb7acf8c4b239fe1cd9705fad8725a96f4d6784a69fa41abc7c4658a658f4cc713f7371878c63b46d9236979c711fe1ceb315a6da2bc5ebe13cadfa7d616c1038ba478a7f7b82f5fe1989fd19ebbfe8a7bfcad7db54caebf4f6e97873597c93e318676b69edf0da7edba5c467f2e683fd2dbfa927f2e683fd2dbfa92bff1783fbe3e68dff67b8aff00fad7ff00bb3fa24c45cefba18eebde7d959639e90e8e3bab9a7d958fd549d6e08feb864a7935c5afd34d7f94c7dd3020edd23d3fd5c3967dbc4315ba495faba699f6df8fc964f11d347f5fdd2a9e4771abf4d3cfc66b1f7958456add24c9f574f48f6db962b748b553f471618f74feac73c534f1dff44ca7905c66dd71c47bed1f96eb50a8db7ed6cf74e38f6558e77bd7cf76688f652bfa31cf17c1dd13fbf8a553f875c56dd6d48f7ccfe5595c852a778d7ccf3f389feac7e8f33baeba67fc66eb678c62fed9fa7ea915fe1b711efcb4f9dbff006aee291fca9adffcce42375d744ff8cdfee53fd6317f6cfd15ff00e9b6bfff00cb4ffc5fa2ee2971bc6be3ff00f627df589fc992bbeeba3bf256deda42e8e31827ba7e9fab0dff00871c523d5bd27e36ff00dab80aad3a45aa89f3b1e1b47b263f36c63e927fa4d37beb7fec65af14d3cf59dbe12819bc84e338fd5c716f75a3f39858843e2e9068eff4e3263f6d79fc1bd835fa5cfc462cf8e667c26789f84a4d3538727ab6869355c0f88e9237cf82d11e3b4edf38e4da019daa00000000000000000000000000000000000000000000000000000000000000000000000000000000000000000000000000000000000000000000000000000000000000000000000000000000000000000000000000000000000000000000000000000000000057fa53a49b529aaa47d1f36fecf0956dd0b252b931da99222d5b471313e2a76efb664d0e49b579b609eeb7a3d52e7f8a6926b6f3d48e53d5ec1e4179458f2608e19a8b6d7afabbf7c787be3eb1d3a2380699e96000000000000000000000000000000000dbd2ee3aad2f1e4b35babf667b63e099d1f48ab3c57578bab3f6a9db1f056c4ac3accd87d5b72f068b897935c3789c4ce7c51dafee8e53f38ebf1dd7fd3ea316a29d6c192b7afaa7bbdacae7d872e4c378be2bda968f1acf09edbfa41dd4d6d7ff009958fc63f46e74fc56993d1cbca7e8f33e33fc3fd5692272e867ce57c3faa3e1d27e1b4fb1631e3164a65a45f1da2d59ee989e5edb689898de1e7d6ada9335b46d3000280000000000000000000000000000000000000000000000000000000000000000000000000000000000000000000000000000000000000000000000000000000000000000000000000000000000000000000000000000000000000000000000000003e5eb5bd66b688b567b262639897d0562662778436b360d3e599b60b4e1b7a3be11b93a3dabacf996c578f6f0b55ad5a57ad7b45623c6678686a378d161e79cd179f4523adf7f735ba8d1693d6bfa3f1d9daf08f29bca09db169b7cb11e35ed7d7afce55e9d8b5d13fbbacffc70c3a9daf57a6c73932e1e291df689894a6a7a4769e634d8223fa579fca10fabd76a3573fb7cb6b47857ba23dcd3e7ae8eb1318e6667e9f67a3f08cde5267bd6dada63a53bfacdb6f66d6988f8cf2f06b0080eb8000000000000000000000000000000001b5a1d767d164eb61b764f7d67ba56cdb372c3aea79be6e588eda4f7fbbd2a4bd63bdb1de2f8ed35bc4f3131e09da4d764d3cedd6be1fa396f287c94d2719acdf6ec65eeb477ff00d51df1f58fa3a1087d9b77aeae230ea38ae7f09f0bff006a61d361cd4cd5edd2793c338970cd470ccf3a7d4d76b47ca63c627be3f73cc019500000000000000000000000000000000000000000000000000000000000000000000000000000000000000000000000000000000000000000000000000000000000000000000000000000000000000000000000000000000000000000061d46a70e9abce7cb5a47ae7b6549b45637995f8b15f35a298eb3333dd1ce59841eaba43829cc69f1db24fa67cd8fd515a8def5b9b9eade3147a291f9a065e27831f49dfdceb741e43716d66d6b5231c7fcd3b7d2379f9c42df7b5691d6bda2b1e999e1a59f77d161e627345e7d14f3bfb14dc993265b75b2ded7b7a6d3cbc2064e3379f52bb7bdd7e8ff0086ba7a73d5669b7b2b111f7dfed0b267e91d6398c182d3ebbcf1f7423b3ef7adcbcf17ae38f45211820e4d7ea3275b7cb93aad1f925c2347ce982267c6de97df78f943de5cb9334f39725ef3e9b4f2f008933333bcba0a52b48ecd2368005170000000000000000000000000000000000000001133131313dab56c5bafce6b183516fdbc7d19fb71faaaafb5b4d6d16accc5a3b6263c1274baab69afdaaf4ef86938f702c1c6b4de672f2b47ab6ef89fd3c63f388743119b26e31aec1d5c93119e91e747a63d29375b8b2d72d22f4e92f9eb5fa1cdc3f516d36a236b57f7bc7b27b8017a200000000000000000000000000000000000000000000000000000000000000000000000000000000000000000000000000000000000000000000000000000000000000000000000000000000000000000000000000000000d7d6eb3068e9d6cf788f4563be7d90a5af5a476ad3b432e0c19351923161acdad3d2239cb61a5aedcf4da3898c97eb64fb15ed9fec57f70df33ea39a60fd8e3f54f9d3ef4477cf6f7b4da9e2f11e8e18dfdaf4ae0bfc3bbe4db2f12b7663fb63afc67a47c37f7c2635bbf6a73735c111869eaedb7c5137bdaf69b5ed36b4f7cccf32f234b973e4cd3bde777a6e838568f8753b1a5c715fbcfbe7acfc6401893c000000000000000000000000000000000000000000000000000001974ba8c9a5cf4cd8a78b567e3ea5e347a9a6af4f4cd8fbade1e89f428496e8f6bbe6baaf25927f659678f64f84b67c3757e66fd8b7ab3f7711e5b793f1c4b4bf8ac31feee38f9d7be3e1d63e31deb700e99e160000000000000000000000000000000000000000000000000000000000000000000000000000000000000000000000000000000000000000000000000000000000000000000000000000000000000000000000000000f19b2d30e3b64cb68ad2bdb332aa6edbc64d5cce2c1cd307df6f6fe88baad5d34d5dedd7c1bee03e4eeab8de5ece18da91d6d3d23f59f647c76496e9bed71738b47c5f278dfc23d9e956b365be6c937cb69bde7be665e0733a8d564d44ef79e5e0f73e0dc0347c1b1f634f5f4a7ada7acfc7c3d91c80119ba0000000000000000000000000000000000000000000000000000000000000005cf63d67cef455eb4f3971f9b6f5fa2522a66c3abf9aee15eb4f18f27996fca573757c3f51e7f0c6fd6393e7ff2c783c70be2368c71b52fe957d9bf58f84fd36004e72800000000000000000000000000000000000000000000000000000000000000000000000000000000000000000000000000000000000000000000000000000000000000000000000000000000000000000000030eaf538b4982d9735b8ac7c67d50f9acd562d1e0b65cd6e2b1dd1e333e8853371d6e5d7679c99278ac7d1ac77561035daeae9a368e76975be4bf92d978de4f3993d1c35eb3e3ec8f6f8cf4864dcf71cbafcbe779b8a3e8d23c3dbeb688398c992d92d36bcef32f76d26930e8b0d7069eb15ac7488fdfce4016240000000000000000000000000000000000000000000000000000000000000000000bc6d5a9f9de8316499e6dc756ded851d60e89ea38be6d3ccf64c75ebf84fe4d9f0acde6f3763bace23cbee1d1abe19e7eb1e9629dfe13ca7f29f82c803a67858000000000000000000000000000000000000000000000000000000000000000000000000000000000000000000000000000000000000000000000000000000000000000000000000000000000000000000c3abd4e3d260b65cd6e2b1f199f443d67cb4c18ad932da2b4ac7332a66ebb85f5d9fad3cd7157e853d1fda85add6574d5e5eb4f4751e4bf937938de7f4b962afad3f947b67e91f078dc75b975d9e72649e2b1f46b1dd586a8395bded7b4dad3bccbdf74fa7c5a5c55c386bd9ad79444002d660000000000000000000000000000000000000000000000000000000000000000000001b9b466f21b960bf3d936eacfb27b1a644f13cc2fa5e6968bc77306af4f5d560be0bf4b44c7ce3674418f4f93cae9f164fb758b7c6191db44c4c6f0f97725271da696eb1c8005a0000000000000000000000000000000000000000000000000000000000000000000000000000000000000000000000000000000000000000000000000000000000000000000000000000000000003e5a62b133698888ed999f07d56ba45b9f94b4e9305bcc89fda5a3c67d0c1a9d4d74f4edd9b8e07c1b3719d5469f1728eb69f08f1fd3dad4def729d6e5ea63998d3d27b3fa53e9458391cb96d9af37bcf397d0fc3f41838769eba6d3c6d5afee667db200c698000000000000000000000000000000000000000000000000000000000000000000000000000baec77ebed3a79f45663e1330df50f0f48355b7e38d3e1c782d4af6c4deb333dbdbe12cf8fa5dab89fda69f05a3fa3cc7e72e970710c35c75ada79ed1dcf13e2be44f13cbaccd9b0d626b6b5a639c74999985d45674dd2ed3da62351a7c98fd7598b47e49ad16e7a3d6ff8b6a297b7d9eeb7c27b5371ea7165e55b396d7701e23a089b6a30cc4477f58f9c6f0dc019da9000000000000000000000000000000000000000000000000000000000000000000000000000000000000000000000000000000000000000000000000000000000000000000000000000000000436ffb9fcdb1ce0c33fb6b476cc7d58fd5544bef3b76aa770cb9298af929927989ac73ee64d1f47f3e4e2da9bc62afd98edb7f639ad55351aacf31d99e5d1ee1c0755c1f80f0ba649cd5def11369eb333e1b46f3cba6db72efe7ba1193161cb9a78c58ef79fe8d66570d36d1a3d3f1c628bdbed64edfec6fc4444444444447843363e0d69fe65b6f7359adfe2561a4cd747866dedb4edf48de7eb0a5d368d75e398d3dbdf311f8bdcec9af88e7c8c4fabaf1faae4d1d7ee9a6d1735bdbad93ec57b67dfe866bf0bd3e2af6af6988f7c7e8d669fcbce35adcb18b4b82b699ee88b4ff00eafaaa99b6ed6618e7269f2711df311cc7dcd44c6ab7fd565998c315c35f576cfc5159725f3649be5b4ded3df333cb4f9eb86b3feccccfbff7f93d2b84e5e27969bf11c74acffcb3333f18e71f2b4bc008edb80000000000000000000000000000000000000000000000000000000000000000000f392dd4c76b7a2011fa89eb66bcfad89f65f19d1e6771f627898989e261f0144e6d9d23d668e62b9adf38c3e8bcf9d1ec9fd571db374d2ee58fada7bf9f1f4b1dbb2d1ee73264c396f87257262bda97acf316acf1309fa7d7e4c3cadce1c7f1bf23745c46272618f3793c62394fbe23ef1cfdeeae2b9b0748a9ab9ae9f5b314cfdd5bf745ff004958dbfc39a99abdaa4bc778970cd4f0ccf383535da7e931e313dffbdf9803235e0000000000000000000000000000000000000000000000000000000000000000000000000000000000000000000000000000000000000000000000000000000000000000000000000000003e5a62b59b5a62223b6667c1f66622266678854f7cdd675579c38278c113db3f6ffb11b55aaae9a9dab75ee86f380701cfc6f51e67172ac7ad6ee88fd67ba19b76df2d79b62d14cd69dd393c67d9e840cccccccccf68396cfa8be7b76af2f7ce15c1f4bc270f99d2d76f19ef99f199fdc47700303660000000000000000000000000000000000000000000000000000000000000000000003535d7eea47b65b37b4529369ee8465ed37b4da7be57d2379dd65e768d9e4064610000007a5bba31bfcde69a3d75b9b7763c93e3ea9fd54f7a67c19ed82ddaab55c6383e9f8be9e70678f74f7c4f8c7e71deeb22b9d15de7e778e349aab7f84523ccb4fd78fd616374f873573522f5781713e1b9f866a6da6cf1ce3e531dd31eff00df300646bc000000000000000000000000000000000000000000000000000000000000000000000000000000000000000000000000000000000000000000000000000000000000000000000000069eebac8d168ed93b3af3d948f4cadc97ae3acdedd219f4ba6c9abcd4d3e18ded69da115d24dc78e74986ddb3fbc98fc15c7dbda6f69b5a666d33ccccf8cbe390d4ea2da8c937b3e8de09c1f0f07d2574d8baf599f19ef9fd3c20011db700000000000000000000000000000000000000000000000000000000000000000000001a9aacfdf4a4fb65588dd499da18f559baf6ead67cd8fbdae0cd11b304cef3b800a0000000003262c97c596b931da6b7acf3598ef89746d8f72a6e7a28c9d9196bd992b1e13fa4b9aa53a3db84edfb8d2f69e30dfccc9ecf4fb93743a9f339369e92e53cade055e2ba39be38ff00769bcd7dbe35f8f77b7df2e8e03a57840000000000000000000000000000000000000000000000000000000000000000000000000000000000000000000000000000000000000000000000000000000000000000000000000a7748359f3ad6cd6b3ce2c5e6d7d73e32b26f1aaf9a68326489e2f3e6d3db2a4349c5f51b44618f7cbd4bf873c222f6bf12c91d3d1afbfbe7e5cbe3200d0bd6400000000000000000000000000000000000000000000000000000000000000000000026623b658f2e6a63ef9e67d10d2cd9ed927b7b2be85d1599526f1565d46a79e6b8e7b3c65a80c911b30cccc802ab4000000000000001d17a31acf9e6d18a6d3ce4c7fb3b7bbbbeee12ca5f41f53d4d667d3ccf664af5a3db1fd93f72e8ea34597cee1899ebd1f3f7953c3e341c532e3ac6d599ed47ba79fd2778f8002539e00000000000000000000000000000000000000000000000000000000000000000000000000000000000000000000000000000000000000000000000000000000000000000001f2d315acdad3c4447332111333b42b1d29d4f5f554c159f371c733ed9fecfc506cbabcd3a8d4e5cb3f5ed32c4e375397cf65b5fc5f4b704e1f1c37418b4b1d6b1cfdf3ce7ebb803036a0000000000000000000000000000000d8c5a1d5e6fdd6973dff871ccb669b16ed7e3abb66b7b7ba7c85a23e3c2e8ada7a42d9bd63aca384aff0037778ff566affe5cb2474637a9889fe4dd47c15f377f053ced3fba3e686133fcd7deff00d5d9fe107f35f7bff5767f841e6efe0a79ec7fdd1f343099fe6bef7feaecff000863fe6eef1feacd5ffcb93cddfc15f3b49fea8f9a284aff0037778ff566affe5cbc5f61dde93c4ed9adf760b4fe10762de079ca7f7423448ff21eedfeabd77ff4f7fd0fe43ddbfd57aeff00e9effa29d8b782be729e308e123fc87bb7faaf5dff00d3dff42362dda6623f92f5dffd3dff0043b16f03ce53c51c252dd1ede2b5e676cd67bb15a586db46e559e2db7eb227d1386d1f9134b477119293d261a2367e63abff00cae7ff0097246835733fe2b9ff00e5ca9b4f82bda8f16b0dea6d1b95e78a6dfacb4fa2305a7f26ce1e8d6f3978eaedba98e7ed57abf8ab14b4f485272523acc22059f4fd07df32fd3c18f0c7f4f2d7f2e52ba5f939d4db8f9debf0e3f562a4dff1e192ba7c96fe961b6af0d7ada1437da56d7b456959b5a7b22223999758d0f40768c1313a89cfa99f45efd58fbb89fbd62d06dba2d057aba2d2e1c3e99a562267db3df2cf5d0de7d69d91afc4b1c7a91bb946d5d0dddf5f316b60f9ae29faf9fcd9feaf7fdc90dd7e4e770a628b6ddaec39ad11db4bd671ccfb2799fc9d4c49ae931c47342bf10cd69de3943f396edb36e3b4e4eaee3a4cb87b788b5a39acfb2d1d928e7e9bcb8e99b1db1e5a56f8ed1c5ab68e627db0a6efdf279b56e116c9a1e7419e7b7f671ce39ff87c3ddc31df4b31eab363d756795e3671613dd21e8a6e9b14cdb5583afa789eccf8bcea7bfd1ef40a2dab359da53ab68b46f5900515000000000000000486c39fe6fbc693273c475e2b3ec9ecfcdd2dc9ab335b45a3b262798755c19232e0c7923baf58b7c61bbe137f46d5f8bca7f88fa6db2e0d4477c4d67e1ce3ef2c8036ef3300000000000000000000000000000000000000000000000000000000000000000000000000000000000000000000000000000000000000000000000000000000000000000011fbee6f21b66698efbc7523dffd9ca415fe96e5f334f8627be66f3f847e328badc9e6f05adec6fbc98d1fe378ae0c53d3b5bcfbabce7edb2b603907d1a0000000000000000000000fb4a5b25eb4a566d699e222239995ab67e836e9aeeadf5511a2c33e39239bff0057f5e17d296bced58dd664cb4c71bde76551b5a1dbf57afbf5745a6cd9e79edea526623db3e0eadb5742768d0f16cb8a757963eb669e63fabddf1e564c78e98a914c54ad291dd5ac7111ee4ba686d3ebcecd7e4e2558e548ddcab41d01dd751c4ea6d874b5f45add6b7c23b3ef58745f277a0c7c4eaf57a8cf31e1488a44fe33f7aee2557498abddba15f5d9addfb7b907a5e8a6c9a6e3a9b7e2bcfa72f37fc794a69f47a6d37f8be9f0e2fe0a457f06c0cd14ad7a4235b25edeb4ee00b960000000000000000000000000000000000000003e5ab16acd6d113598e2627c546e93fc9e68b708be7daa6ba2d54f6f538fd95a7d9f57ddf05e85b7a56f1b5a17e3c96c73bd65f9bf76dab5bb46aa74fb869ef872477731d968f4c4f74c345fa4377daf47bbe92da6dc30572e29ed8e7beb3e989f0971ee98f42b57b14db51a6eb6a76fe7f7911e763f55a3f3eef620e5d3cd39c746d706aeb93d1b7295400464b0000000000001d2fa3f93caecba3b7a31c57e1d9f939a3a0f43efd6d8f147d8b5a3efe7f36cf854ed9663d8e07f8878bb5c3f1dfc2f1f589ff09a01bf78d8000000000000000000000000000000000000000000000000000000000000000000000000000000000000000000000000000000000000000000000000000000000000000000a8f49b275f739af852b15fcff35b946ddafd7dcf533fd398f876353c62fb618af8cbd07f871822fc4af967fa69f59988fb6ed401ce3da800000000000000004cf47ba39aedf32ff83d3a9a789e2f9ef1e6c7b3d33ea8fb9756b369daab6f7ad23b569da10f5acdad15ac4cda6788888e666570d87a09add6c572ee369d1e09edeacc7392d1ecf0f7fc17ae8ff46741b2d22d871f95d4f1db9f24736f77a23d89c6c3168a239e46a73f1199f4717cd19b3ec5b7ed18e2345a7ad6fc76e4b76de7dffa24c1362b158da1acb5a6d3bda779005540000000000000000000000000000000000000000000000000001e6d58b566b6889acc71313db130f42a39574efa09e42326e1b1e399c5df974d58e66bebafabd5e1f87367e9e731f945e85c719776da31f13f4b5182b1dfe9bd63f18f7a167c1fd556cb4babfe8bfcdcbc0426c40000000005eba0f6e769cb5e7e8e69fc21455d7a0b6ff01d4d7d19227ee4fe1b3b678f74b8ef2ee9dae1169f09afdd6601d1bc38000000000000000000000000000000000000000000000000000000000000000000000000000000000000000000000000000000000000000000000000000000000000000000503573d6d5669f4ded3f7afee7d9a79cb799ef9b4b49c6a7d1a47bdea3fc33aef97516f657f3fd1e00685eb40000000000001113331111cccf832e9b4f97559f1e0d3e3b64cb79e2b5ac73332eabd10e88e1da6b4d56ba2b9b5fdf1e35c5ecf5fafe1ebcd870db2cf2e8c19f534c11bdbaf820fa29d06b65ea6ab7aacd31f7d74ddd33fc5e8f677ba361c58f0e2ae3c34ad31d638ad6b1c4447aa1ec6db162ae28daad066cf7cd3bda4019184000000000000000000000000000000000000000000000000000000000000001c87e52ba25fc9f96dba6dd8f8d264b7edb1d63b315a7c63fa33f74b9fbf4d6a30e3d460c9873d2b7c592b35b56d1d9313e0e0bd34e8fe4e8f6ef6c3116b6932f37c179f1afa27d71ddf09f140d4e2eccf6a3a36ba3d476e3b16eaaf808a9c0000002e5d039ff0007d5d7d17acfdd2a6ae3d03fdceb3f8abf9a770eff00888f8fd9ca796f1ffd9b2fbebff9a16a01d23c2000000000000000000000000000000000000000000000000000000000000000000000000000000000000000000000000000000000000000000000000000000000000000000073dcbd996fed974273fd5766a72ff1cfe2d271a8e54f8fe4f51fe195b6c9a98f657ff53180d0bd6800000000066d1e9b36b3538f4fa6c76c99b24f15ad7c5e74f8326a33d30e0a5b265bcf56b5af7ccbb0743fa378b63d2c5f2c56fafc91fb4c9dfd58fb31eafc59f0619cb6dbb91b53a9ae0aefdefbd11e8d61d8f4d17bf572ebaf1fb4c9f67fa35f57e2b1036f5ac523b3573f7bdb25bb569e600b96000000000000000000000000000000000000000000000000000000000000000000083e986c58f7fd972e9a6223515f3f0de7eade3f29ee94e0a4c45a36956b69acc4c3f32e6c77c39af8b2d66992969adab31db131df0c6e85f2b7b1c6975f8f75c15e316a7cccbc786488ec9f7c47dd2e7ad564a4d2dd96ff001648c948b4002c5e0002e5d048ff0006d5dbc66f58fb94d5d7a0b1fe05a9b7a72447dc9dc3bfe223e2e4bcb89db83e4f6cd7ff00342cc03a47850000000000000000000000000000000000000000000000000000000000000000000000000000000000000000000000000000000000000000000000000000000000000000000a16be3abaed4c7a325a3ef5f547dde3abb9ea63fa732d3f198ff6eb3ed7a57f0d2fb6af3d3c6b13f29ff2d301cf3d8400000005e3e4e7a3bf3bcf1ba6b29ce0c56fd8d67ebde3c7d91f8fb1931e39c96ecc31e6cb5c549bd93dd02e8d46d9a7aebb5b4ff0dcb5f36b31fbaacf87b67c7e1e95c41b9c748c75ecd5cde5cb6cb69bd8017b1800000000000000000000000000000000000000000000000000000000000000000000000237a43b5e3de366d56872f1fb5a79b69fab68edacfc787e77cf8af83364c39ab35c98ed34b567c26278987e9a717f956dabe63d228d563af187595ebf67db8ecb7e53ef45d553788b27e872ed69a4f7a920203680002f1d06af1b5e69f19cd3ff004d5475fba195e36589fb592d3f84361c3237cff0717e5edfb3c2663c6d11f79fc93a03a27888000000000000000000000000000000000000000000000000000000000000000000000000000000000000000000000000000000000000000000000000000000000000000000a67482bd5ddf3faf89fba173547a4f5eaee7cfdaa44fe31f9357c5e37c113e13fabbdfe1d64ec715b57c6931f5acfe48901cd3db800000129d1bda726f5bae2d263e629f4b25e3ead23be7f2f7bb7697062d2e9b1e0c148a62c758ad6b1e110aff0041364fe48da2b7cd5e357a8e2f9398edac7857ddf8ccacadbe970f9baef3d65a0d6ea3cedf68e9000928400000000000000000000000000000000000000000000000000000000000000000000000000029df2a7b6fcfba2f933d239cba4bc658f4f57bad1f09e7dcb8b0eb34f4d5e933e9b2c738f352d8ed1ea98e256debdaacd57e3bf62d167e6719b5582fa6d566c19638c98af34b47ae2789616a1d00000e89d13af5761d373df3d69ffdd2e76e97b053a9b2e8e3ff004e27e3dbf9b69c2a3fdd99f67e70e03f889936e1f8e9e378fa567f54800df3c70000000000000000000000000000000000000000000000000000000000000000000000000000000000000000000000000000000000000000000000000000000000000000000563a595e35582fe9a4c7c27fb56757fa5b4e7169afe89b47c78fd10389d7b5a6b7b36fbbadf21f2f9be35863c7b51ff00867f356c072af7e000166e80ed1fca9bdd7265af5b4da6e325f9ee99fab1f1edf74ab2ed1d09dabf92b61c34bd78d466fdae5f4f33dd1ee8e3ef49d2e2f397e7d21135b9bcd63e5d653e036ee78000000000000000000000000000000000000000000000000000000000000000000000000000000001c23e51f47f33e97eba2238a6698cd5ff008a3b7efe558746f966d375372dbb55c7ef315b1cff00c33cff00dee72d5e68daf30dee9eddac7590062661d4f414f27a0d363e38eae3ad7e10e5f8a9e5325291df698875788e2388ee86e784d79dedee798ff1232ed5d3e3ff00aa7edb7ddf406e5e5600000000000000000000000000000000000000000000000000000000000000000000000000000000000000000000000000000000000000000000000000000000000000000021fa534eb6db59fb39227ee94c23f7ea75f69d447a2227e1308fabaf6b05e3d92dcf93b9bccf14d3dffe7ac7ce76fcd4b01c73e920004df4336cfe54e9069b15ebd6c38e7cae4fe1af87be788f7bb628bf255a18c7b76ab5b68f3f2e4f2759fe8d63f59fb97a6df494ece3dfc5a1e2197b797b3dd0009282000000000000000000000000000000000000000000000000000000000000000000000000000000000e7df2cb862db2e87378d351d4feb5667fed72276cf958c7d7e88deddbfb3cd4b7e31f9b89b5daa8daedc68a77c4008e96ddd9a9e5376d1d7d396b33ee9e5d39cf3a298fafbee9fd158b5a7e12e86df70aaed8e67daf1efe22e6ed6bb163f0a6ff00399fd001b479f0000000000000000000000000000000000000000000000000000000000000000000000000000000000000000000000000000000000000000000000000000000000000000000c1afa794d16a29e338ed11f06726398989ee52d5ed5663c5970659c392b923fa6627e4e763d65a793c97a4f7d6661e5c44c6d3b3ea5ada2d1168e9201113331111daa2e76de86e9fe6dd18dba9c71d6c51927fe29eb7e69a61d2628c1a5c3863bb1d2b4f8470ccdfd636ac4394bdbb569b78802ab40000000456f7bf6dfb363e7599a3ca4c735c54edbdbddf9ca9368ac6f2bab59bced58de52ac5a8d461d3639c9a9cd8f0d23eb64b4563e32e5dbcf4f770d54da9b7d2ba3c5f6be95e7dfdd1f0f7aa7a9d4e7d5659c9a9cd933649fad7b4da7ef43beb6b5f56376c3170dbdb9de76760d674cb64d34cc7cefcada3c31526df7f77de8acdf289b75678c3a4d55fd76ead7f3972f11e759927a25d787618ebbcba47ff001230ff00ab727fcd8fd1f69f28f8267cfdbb2c47ab2c4fe4e6c2dfc5e5f15ff80c1e1f59755d3fca16d5926232e1d5e29f4cd2263ee9e7ee4ce8ba4fb36b66230ebf0c5a7c327349ff00ddc3888bebadc91d58edc3714f49987e86ada2d58b5662627b6261f5c1f6dddf70db6d13a1d5e5c5113cf56279acfb6b3d92baec9f285ccd71ef1838f0f2d863f1afe9f049c7aca5faf242cbc3b2539d79ba18d7d16b34faed3d73e8f353362b775a93cfff0069f53612faa04c4c72900000000000000000000001f2662226667888ef9547d151df7a73a0d075b168a3e79a88ece6b3c6389fe2f1f77c542ddba55bbee533197556c58a7fcde1f32bfacfbe51726ab1d397594cc3a1cb939cf28f6bae6bf78dbb41cc6b3598315a3eacde3adf0ef416a7a7bb2e1fdddb519ffd9e3e3feae1c93be7b7bc45b6b6f3eac6c9f4e198e3d699974bc9f28fa58fdd6833dbf8af15fd5e3ff89187fd5b93fe747e8e6e31fe2f2f8b2fe030787d65d3317ca368e7f7ba0d457f86d16fd123a5e9decb9a623264cf839ff498e7fede5c88563599216cf0fc33d37877ad0ee9a0d7c7f81eaf0669fb35bc73f0ef6ebf3cc4cd6626266263b62613fb474bf77db662b1a89d4618ff00379fcef84f7c7c5229ae89f5a11b270c98e78e5d9c55b60e9a6dfb9cd716a27e69a99fab927cdb4faadfaf0b4a652f5bc6f596b7263b639ecde36005cb000000000156f94dac5ba15af99fab38e63fe6563f370a77bf942ff23773fe0aff00d7570440d57ad0db683f973ef00454d593a0d8fadb966c9f63171ef998fd177557a078b8c3abcbc7d2b56bf089fd56a74bc3abd9c11ed784796d9fcef18cb1fdb158fa47e732009ae5000000000000000000000000000000000000000000000000000000000000000000000000000000000000000000000000000000000000000000000000000000000000000000000146dda9e4f73d4d7fa733f1ed6a257a4b4ea6e96b7dbac5bf2fc914e37535ec66bd7db3f77d2fc133fe238769f2f8d2bf3da37fa8dada71796dd3478bbfaf9a95f8da1aa96e89e3f29d25db2bd9d99eb6edf54f3f9315637b443659276a4cfb1dc406f9ca8000000f93d91ccbeb9974eba593aab64dbb6cbf1a78f372e5acfef3d51fd1fc7d9df8f2e5ae2aef2cd8305b3dbb356ff4b3a71182d7d26cb6adb24765f51df11fc3e9f6b9ce6cb933e5b65cd7b64c969e6d6b4f3333eb9781a8cb96d9677b3a0c182986bb560018998000000000001bdb46ebacda75319f439a71dbeb57beb68f44c78bac745ba51a5df31c639e30eb6b1e76199eff005d7d31f838cbde0cd93066a65c37b63c949e6b6acf1312cf873db14fb11b51a5a678f09f17e84156e85749ebbd69fe6faa98aebf1c79d1c711923ed47e70b4b6f4bc5ebdaab9fc98ed8ed35b75005cb0000000000000068ef1b9e9f69d064d5eaedc52bd9111df69f088f5933111bcab11369da1eb75dcb4bb5692da9d6e58c78e3b223c6d3e888f19727e93f4af59bd5ad8a933a7d173d98ab3db6fe29f1f67723f7ede755bd6b673eaadc5639f278e27cda47a23f5463559f55393d1af46f74ba2ae288b5f9dbec00889c0000000000002d5d17e98eab699a60d5cdb53a18eceaccf9d48fe8cfe53f72aa2fa5ed49deb2b3263ae4af66f0efda0d6e9f70d2d353a3cb5cb86fdd68fc27d12d9711e8ceffa8d8b59e531737d3dfb32e299ecb47a63d13eb764db75d8371d1e2d5692f17c5923989f18f54fadb6c19e32c7b5a0d5696d827d8da019d1400000103d3aff0024374ff633f8c3f3fbf4074ebfc90dd3fd8cfe30fcfe81abf5a1b5d07a93ef00454e5ffa1b8bc9ec94b7fa4bdadf97e49c696cb8bc8ed3a4a774c63899f6cf6cfe2dd75ba7af63156bec87cdfc6751f89e219f2f8dadf2de76fa0032b5a000000000000000000000000000000000000000000000000000000000000000000000000000000000000000000000000000000000000000000000000000000000000000000000acf4b69c67d3e4fb559afc27fb502b474ae9ce8f15fecdf8f8c7f62aee578957b3a8b7b79bdffc87cfe7b8362f1aef1f59fca604ff0040e9d7e96edf1fd2b4fc2969402cdf2735eb74af4d3c73d5a5e7d9e6cc7e6898637c95f7ba7d44ed8adee976101bc730000035376d763db76dd46b3376d30d26dc77733e11ef9e2099888de5588999da152f945e914e8f0ff2668efc6a32d79cb789fa149f0f6cfe1ed73067d76ab2eb7599b53a8b75b2e5b4dad2c0d266cb396dbcba4d3e08c34ecc75ef006267016be8df42f59ba5699f5733a4d24f6c4da3cfbc7aa3f39fbd7d296bced5859932d71476af3b2a894d1747f76d6c44e9f41a8b567bad35eac4fbe78875cda3a3bb66d55ace974b59cb1fe77279d79f7f87bb84ba6d343fdd2d664e27dd8ebf371fc7d07df2fc75b4f8e9fc596bf94cb166e85efb8ebd6f99c5e3fa196b3f772eca327e0b1fb587fd4b2f84381eb76ed6e8678d66973e0f44de93113ec96a3f42deb5bd66b688b567b262639895637ae856d9b856d7d3d3e67a89eeb628f379f5d7bbe1c30df4331ce93ba4e2e2759e5923672112dbf6c1aed933757578f9c569e29969db4b7bfc27d528942b566b3b4b655bc5e3b559de0014559b47a9cda3d562d469af38f363b75ab68f076be8cef18f7bdae9aaa44572479b969cfd1b47e5e2e1cb2f40b789daf7ba5325b8d36a6631e4f444fd5b7c7ee994ad2e6f376da7a4a1ebb4fe769da8eb0ec4036ce7c000000000001e725e98b1db264b4569489b5ad33c444477cb8bf4bb7ec9beee3378e6ba4c7cd70d27d1e99f5cae3f29dbc4e9b458f6dc36e326a3cfc9c78523c3df3f84b98b5daccdbcf9b8f8b73c3b4fb479db759e80080d980cda3d2e7d6ea2983498ad9735fbab58ed099da3796164c1832ea32463c18af96f3dd5a566d33ee8746d83e4ff00163ad72ef393cadfbfc8e39e2b1ed9ef9f771ef5d747a3d368b1462d260c7871c7d5a5621371e8ad6e76e4d766e234a72a46ee3ba6e896f9a8889a6832563ff52d5a7dd33cb6ff0098dbe7539f218b9fb3e56bcbaf8cf1a2c7df328b3c4f2f74438a6aba27be69a266fb7e5b447fa398bf3fd5994365c5930e49a65a5b1de3beb68e263dcfd08d5d7edfa4dc31793d6e9f166af875ebccc7b27c16db431fd32be9c4ed1ebd7e4e043a27483a011d5b66d9724f3dff0037c93ff4dbf5f8b9fea3065d366be1d463b63cb49e2d5b47130839315b1ced686cb0ea299a37a4b180c6cc2cbd08e90db65d7f92cf699d0e7988c91f627ed47e7ea5685d4bcd2d16859931d72566b6e8fd0d131311313cc3eaa1f271bc4ee1b4ce9335b9cfa4e2b1333db6a4f77c3bbe0b7b794bc64ac5a1cd65c738af349ee005cc600081e9d7f921ba7fb19fc61f9fdfa03a75fe486e9fec67f187e7f40d5fad0dae83d49f78c9831ce6cf8f1d7bef68ac7be58d29d1bc3e5f7bd2d7c2b6ebcfba3960c54edde2be32c9aed446974d933cff004d667e51bba356b15ac56bd9111c43e83af7cd133bcef200280000000000000000000000000000000000000000000000000000000000000000000000000000000000000000000000000000000000000000000000000000000000000000000008de9053afb4e6e3bebc5bef5357dd7e3f2ba1d453ed63b447c14273dc62bb64adbc61ecbfc36cfdad0e5c3fdb6dfe711fa0b5fc99d66dd26898fab86f33f747e6aa2e1f25d599e91e498faba7b4cff5aad660fe6d5dfeabf936f73ab80ddb9a000151f94fbdebd1a88af3c5f3d2b6f67133f8c42dc88e95ed93bb6c5a9d2e38fdaf1d7c7fc51db11efeef7b1e589b526219705a2992b69e9bb878fb7ada97b52f135b5678989ec9897c68dd38444ccc444768b8fc9becbf3edce75d9e9ce9b4df4798ecb64f0f877fc17e3a4e4b4561665c918a9379ee4d742ba1d5c14a6bb77c516cf3e763c168eca7aed1e9f5787b7baf80dd63c75c75ecd5cde6cd6cd6ed58017b100000030eab4f8757a7be0d4e3ae4c378e2d4b47312e4fd33e8b5f65cbf38d375b2682f6e227c71cfa27d5e89fef3d798757a6c5abd365d3ea2b17c592b35b567c625873618cb1ed49d36a6d82dbc747e7e1bdbd6dd976adcf3e93344f38ede6da7eb57c27e0d169a62627697455b45a3780ee9ecef129d1bdaefbbef1834b4accd26dd6cb3f6691df3f97b64ac4da7682d68ac4da7a43b6e92f6c9a4c37bfd3b52b33ede199f2222222223887d6fdca480000000000038efca25ed6e966aeb6eea571d6becea44fe332ad2fbf2a5b55e9aac3b9e3af38af58c59263c2d1dd33ed8ecf7284d2ea2b35c93bba4d25a2d86b31e001df3d9dec290dfd936ad46f1afa697495f3a7b6d69eea57c665d8ba3db169363d2462d357ad96d1fb4cd68f3af3f947a9a7d07d9bf92365a795a757559ff00699798ed8f457dd1f7ccac4db69b04638ed4f56875baa9cb69a57d58fa802520800000083e9374774bbee9a6324463d5563f679a23b63d53e984e0a5ab168da5752f6a4f6ab3b4b816e7a0d46d9acc9a5d652699693ee98f4c7a61aaeb7f289b2ff28ed3f3ac14eb6ab4be74711db6a78c7e7ee9f4b9234d9f179ab6ddce8b4d9e33d3b5de00c290b7fc975ed5e91e4ad7e8db4f68b7c6aeb0e7ff0025bb55f1e3d46e596b358c91e4b173e31cf369f8c447ba5d01b7d256631c6ee7f5f68b669d801250c00103d3aff24374ff00633f8c3f3fbbff004ee62bd10dd266788f25c7df0e0081abf5a1b5d07a93ef166e8361eb6bf3e698ecc78fabef99fec956579e8460f27b664cb31db972767b23b3f1e57f0fa76b3c7b39b47e5a6abf0fc232c77db6ac7c679fd37588074af0700000000000000000000000000000000000000000000000000000000000000000000000000000000000000000000000000000000000000000000000000000000000000000000000027b638973ecf8fc967c98e7ea5a6bf097415337fc5e4b75cdd9d97e2d1ef8fd7969f8cd37c75bf84fdde93fc35d4f63579b4ffdd589ff00bb3fff0048e5cbe4abfca1d47fbadbfeba29abb7c94d63f96f576f18d3cc7feeafe8d269ff009b57ad6aff0093675101ba736000000aa74a3a1ba6ddf25b53a6bc69b596edb4f1cd6fed8f09f5c2959ba0dbe63bf569831658e78eb532d623efe25d8047be971de774bc5aecb8a3b31ce3dae65b47c9eeab264adf74cd4c38bc698e7ad79f573dd1f7ba2e87498343a5c7a6d2e38c7871c715ac3605f8f0d317aac79b519337af200cac000000000000086e91f47f47bee9e2ba889a67a7eef357e957d5eb8f539f6bba05bbe0bcfcdbc8ea69e135bc567df13c7e2eb430e4d3d324ef31cd270eaf2618dab3c9c9f6fe80eeb9f247cee70e971f8ccdbaf3ee88fd5d0fa3fb1e9363d2ce2d25666f6edc996df4af3fa7a92a18b4f4c5ce3a99b5793346d69e400cc8c0f37bc52b36b76443160cf196d3115e38555da76dd9c051400000062d569f16ab4f9306a31d7261bc756d5b4764c39def5f27b9ab92d9368cd5be399e7c9659e263d513e3efe1d2463c986997d6866c3a8be19de92e3f8ba0fbe5f2756da7c78e39fa56cb5e3ee9995bfa31d09d3ed99a9aad7e4aea7535edad623cca4fa7d72b88c78f4b8e93bb365d765c91d9e91ec004843000000000000148e92f41716b735f53b5e4a69f2da79b62b479933e98e3b977165f1d7246d6864c59af8a7b54971eb741f7dae4eac69b1da3ed465af1f7cf29dd8be4fad5cb5cbbc66a4d23b7c86299edf6dbf4f8ba20c15d1e3acefd526fc4335a368e4f1871d30e2a63c54ad31d222b5ad6388888f07b04a42000000573e50bfc8ddcff0082bff5d5c11de7e51af14e85ee7331f5691f1bd61c190357eb436da0fe5cfbc74fd9f4ff0035daf4b878e26b48e7db3db3f7cb9ded5a7f9d6e5a6c3c7317bc73ecf1fb9d413f84e3f5af3ee79e7f11f59cb069227c6d3f68fcc01b979680000000000000000000000000000000000000000000000000000000000000000000000000000000000000000000000000000000000000000000000000000000000000000000000447331111ccc8757bc38ef9b24531c736942f4f36d8d27ccb3d67ad3689a5e7d71db1f8caf3b6e9234d8b9b47ed6ddf3e8f522fa73a5f9cf47b35a239b61b4658f7764fdd32d1f10cfe7ab34af487b1791dc02386cd7559ff00996ffc313ddeff00172d5dfe4a7ff19d5ffbbffdd0a42eff00253ff8ceaffddffee86a74ff00cdabd0759fc9b3a800dcb9b00000000000001f2662226667888ef99547d52fa43f293d1fd9b25b0c67beb75159e269a588b444faed3d9f099739f94de9fe7ddf539b6cd9f34e3dae9334be4a4f13a89f1edfb3eaf1ef9f447374cc7a6de37ba1e5d4ed3b51d8f2fcb4522f318b62b5a9e136d5f13f0ea4a4f6af95fd9f5178a6e1a4d4e8b9faf1c65ac7b78e27ee70919674f8e7b986353937eafd6fb66e3a3dd3495d4edda9c5a9c16eebe3b731ec9f44fa9b6fca7d1ae906e1d1ddc2babdb734d2798ebe39eda648f45a1fa4ba25d21d2f49766c5afd279b33e6e5c533cce3bc77c4fe53e844cd8271f3ee4bc39a3272ef4d00c0ce00000003c65bf531dade880696b7275b27523babf8bee83f7d3fc2d699e6799ef6ce83f796f6289368dabb37c05518000000000000000071af954f940cbf38cdb2ec59a71d71ccd353a9a4f6da7c6959f088f19f77b7263c7392768599324523795eba49d3dd8760c96c3a9d54e7d557bf069e3af689f44cf744faa6795373fcb461ae4e34fb264bd3d37d4c567e1159fc5c6a44eae9a91d79a0db5379e9c9dc36df963db7364ad770dbb53a689fad8ef19623dbdd3f73a0ecbbd6ddbde97e71b56af16a71f8f567b6bea989ed8f7bf2737767dd75bb36bf1eb36dd45f067a7d6af74c7a263c63d52b6fa5acfaaba9aab47adcdfad4563a03d2bc1d2ada3cb445716b70f15d4618eeacf84c7aa7f5859d06d59aced29d5b45a378005aa8000000000002aff00299fe446e5ff00cbff00f968e12ee5f2a3331d0cd671e37c7ff5c386a06afd76db43fcb9f7ae1f263a28d4efd9335eb134c18667b7d36ecfc3acbdee5a09c1ce4c3cce2f18fb284f928d2f536bd66aa63b72e58a47b2b1fada578988989898e627be19b499ad879c74693ca0e0f838b5271e48dad1d27be3fc78c2a437372d27cdb3735fdddbb63d5ea69ba0a5e2f58b43c3b59a4cba3cd6c19a36b57f7f5005c8c00000000000000000000000000000000000000000000000000000000000000000000000000000000000000000000000000000000000000000000000000000000000000000024b65d3794c939af1e6d3b23da8d889998888e667b2168d2e18c1a7a638f08edf5ca1eb72f629d98eb2eb7c8fe171acd679ebc6f5c7cfe3ddfab2b1eab0d751a6cb8327d0c949a4fb2638641a67afc4ece239f15b0e6c98b24717a5a6b31eb89e174f929ffc6757feefff007421ba6fa4f9af4833cc4714cd11963dfdff007c4a67e4a7ff0019d5ff00bbff00dd087823b39a23dada6a2ddbd3cdbd8ea00370e78000000000000513e58b7cbed1d13b60d3da6ba8d75bc844c4f6c538e6d3f0ecff00897b716fff0010196d3b86cf87ea57164bc7b66623f2866c15ed5e21873dbb349972601b36b00005f3e46f7bbed7d2cc7a4bdb8d2ebe3c8da39ecebc73349f6f3d9ff1286dfd8325b16fbb764c73c5e9a9c7689f44c5a16deb16acc4aea5a6b68987eb301a86dc0000006a6befc56b48f1ed96da33556eb67b7a23b095f8e37b3136f6ff00a579f54351b9b7f75e7d8a43364f55b802a8c000000000000000ad7ca2ef76d83a25add5e1b75753688c3867c62f6ece63d91ccfb9f98a666666667999770f97ec968d8b6cc713e65b533698f5c5678fc65c3db1d2d6229bf8b5daab4cdf6f000484700059fe4e77cbec5d2cd1679bcc69f35a30678f09a5a78e67d93c4fb9fa6df8f61fae76ecb6cfb7e972dfe964c55bcfb662250b5758de2537496de26ad9010d3000000000000150f954bf57a1fa88e39eb64c71ecf3b9fc9c41db3e55e623a237e7c7353f19715a566f78ad639b5a78886bf55ebb6fa1fe57c5daba0fa6f9af45b41598e26f4f293ebeb4ccc7dd309c62d2618d36970e0afd1c54ad23d911c32af88da3646b4ef332c5abc15d460b63b78f74fa2558bd66979ada38b44f130b62137bc1d4cd5cb58ecbf64fb5b1d065dade6e7bdc1796fc2e32e08d75239d794fba7f49fba3406d5e5e000000000000000000000000000000000000000000000000000000000000000000000000000000000000000000000000000000000000000000000000000000000000000000dcda71795d6d39eea79d2b0a2b61c7e665c9e998ac255a5d75fb5976f07b0f91da48c1c36b7efbcccfe51f48dfe20088ea94cf949d275b4ba5d5d63b6969c76f64f6c7e13f160f929ffc6757feefff00742cfd26d27cf762d66188e6dd4ebd7db5ed8fc156f929b446f9aaaf8ce9e67e16afeac115db3d65362fdad2da3c1d4806cda60000000000001c97e5fb6fbdf45b56e14accd715ef86f3fc51131ff4cfc5d6917d26d9f06ffb1eaf6dd4cf5699abc56fc7334b476c5bdd310c98afd8b44b1e5a76eb357e511bbbced9aad9f73cfa0d7639c7a8c36eada3c27d131ea98ed86936b1cdaa98d80004ef41b6fb6e7d2fda74d58e627515bdff0086b3d6b7dd1282770f915e8a64dbf4b7def5f8e699f534ea69e96efae3ef9b4fb788e3d51eb63cb7ec5665930d3b768875201aa6d4000001e6f6ead2d69f08e51333ccf3290d6dbab8263d33c23d4967c51cb71bdb7feeeded68b7f41fb99fe2215cbeab640551c000000000000001cebe5cb416d574471eab1c733a4d456f6f556d1359fbe6ae04fd73b8e8f0ee3a0d468f555eb60cf8e71de3d531c3f2ef4ab61d5747379cda0d5d67cd9e71e4e3b3253c2d1fdfb27b13f4b7de3b283aaa73eda2004a440006ced7a3c9b8ee5a5d1e0899cb9f2d71578f4ccf0fd6d8a95c58a98e91c56b11588f5438d7c89f452f9353fce0d6d26b8b1c4d74b598fa76ee9bfb23b623d7cfa1da10353789b6d1dc9fa5a4c5779ef00454a000000000000527e577fc94a7fbcd3f0b395746b07ce7a41b76298e6273d2663d513ccfdd0ea7f2bf17fe6b62ea47311aaa75bd51d5b7e7c283f271a79cdd2ad3df8e630d2f927fabc7e3281a88df2c436ba59db04cfbdd8005e8c35774c5e57457f4d7ce8f736898898989ee95d8edd8b45bc11f59a6aeab4f7c16e96898f9aa43d64acd325e93df59987974713bbe7eb566969adbac000b400000000000000000000000000000000000000000000000000000000000000000000000000000000000000000000000000000000000000000000000000000000000000160d9ebd5d0d27ed4ccfdff00d8dd6bedd1c6870ff0b61cf669df25a7daf7be118fcde870d3c2b5fb40031b607830ec1b3e876dd4e7c9a3c118ef923ce9e667b39ee8e7ba199b3a1fde5bd8ba911da8952f698a4c37404a44000000000000000563a6bd0edbfa55a588d4c791d6638e316a691e757d531f5a3d5f0e1c47a43f27dd20d9725e67477d5e9e27b3369626f131eb88ed8f7c70fd2a33e3cf6a72ee61c982b7e7defc7f931df15e699696a5e3beb68e26127b5747778ddaf15dbf6ed567e7eb45262b1edb4f647c5fab4659d5cf7430c6923be5caba11f2578f459b1eb7a456c79f35662d4d2d3b6959fe94fd6f6777b5d5411af92d79de52694ad236a802c5e000000d2dc2de752be8ed6a32eaedd6cf6f576312929548dab024343fb8f7ca3d21a2fdc47b6485b97d56c00aa3800000000000000084e95f46b6fe936dff0035dc293d6af338b353b2f8e7d313f978a6c5626627785262263697e74e92fc9aefdb3e4bdb4d82771d2c76c64d3c736e3d74efe7d9cc7ad4ccf83369ef34d462c98aff0066f59acfdefd7c25575768eb08b6d2567a4bf266dbb36e5b9deb4dbf41a9d44cf8e3c7331ef9ee874fe867c93e4f2b8f55d27b56b489e63478edccdbf8ed1e1ea8f8bb20b6faab5b94725d4d356bd79bc61c54c38a98b0d2b8f15222b5a56388ac4774443d82324800000000000000306bb4f8755a4cb87538a99715eb316a5e398941edbb56876c8bc6834b8f0cdfe94d63b67dfdeb0e4fdddbd928b60cd11bc246199da600189900015cdcebd5d7668f5f3f186ab7b798e35b3ebac4b45d0609df1d67d8f06e338e31710cf48e9da9fb8032b5a000000000000000000000000000000000000000000000000000000000000000000000000000000000000000000000000000000000000000000000000000000000000000b3683fc4f0ff000c33b5b6c9eb6830cfab8fbdb2e772c6d7b47b65efdc36d17d1e1b477d6bf6800589a36743fbcb7b1acd9d0fef2dec5d4f596dfd596e80948a0000000000000000000000000000003e4cf1132fac5a9b75705e7d5c0446f3b232d3d6b4ccf8f680b5304868bf711ed947a4343fb8f7cab0c797d56c00aa38000000000000000000000000000000000000000003ce4fdddbd928b4a64fdddbd928b61cdd619f0f400616500040ef7fe3b1fc30d06eef13cebaf1e8888fb9a4e834f1b62afb9e13c76d16e259e63fba7e93b0032b540000000000000000000000000000000000000000000000000000000000000000000000000000000000000000000000000000000000000000000000000000000000000009ed92fd6d1cc7d9b4c37d0db164e32e4c73e31cc7b932d16aebd9cb2f6cf25f51f88e178a7beb1d9f94edf6d8011dbf1b3a1fde5bd8d66ce87f796f62ea7acb6feacb7404a450000000000000000000000000000001abafb718a23d32da446b73def9ad5ec88a4cc4132c98abbd9f0628c93e31f07a8c95f1e616a4ed2f6ded04fecad1eb47f5ebf6a1ee979acf34b713ea56256debda8d92e3469acb47d2ac4fb3b19a9aac56ef99acfae15479a5a1b03e56d168e6b3131ea26623be55d963e8c739b1d7bf2523def13aac11fe721457b32ce3163cf8b24f14bc4cfa194526263a8000000000000000000000000000000003ce4fdddbd928b4a64fdddbd928b61cdd619f0f400616501e335e3161bde7eac4cab11bced0b6f78c759bdba42b9aeb75f599a7fa530c04cf33ccf7c8e8eb1d9ac4783e7cd4659cf96f967ada667e73b802ac2000000000000000000000000000000000000000000000000000000000000000000000000000000000000000000000000000000000000000000000000000000000000000cda3cbe43538efe113dbec59d525876acfe5b4b1133e7d3cd9fc9aee218b788bc3d07c85e2114bdf4569f5bd28f7c75fa6d3f096e00d5bd286ce87f796f6359b3a1fde5bd8ba9eb2dbfab2dd01291400000000000000000000000000000045ee5866b93ca47d1b77fb528f39295c949ada398936dd752dd99dd02326a70db064eadbb63c27d2c6b13626263781f387d0540008998ee900000089989e6278984c68f2ce6c1169fa513c4a2294b5ed15a44cccf842674b8bc8e18af8f7cfb55ab066db666017230000000000000000000000000000003ce4fdddbd928b4a64fdddbd928b61cdd619f0f400616511fbd66ea69a31c4f6de7ee8fef09057372cfe5f556989f32be6d52f478fb7937ee8731e56f108d1f0fb5227d2c9e8c7bbbfe9cbe2d501ba78d8000000000000000000000000000000000000000000000000000000000000000000000000000000000000000000000000000000000000000000000000000000000000000000d9dbf53f36d445a7e84f65a3d4d614b562f135967d36a326972d73e29dad59de16d898b444c4f313db1221b69d6c538c39a7cdfab33e1ea4cb419b0ce2b7665ee3c238ae2e29a78cd8faf7c784fefa7b06c68bf7b3ec6bb3e927f6f1eb8594f5a1b2bfab2df012910000000000000000000000000000000001e32e3ae5a4d6f1cc7e089d4e96f8279fa54fb4997c98e7bfb898dd7d324d10024f3e8297999c73d49f47834f2693353ea4da3d35ed5bb24d7256cc03ecd6d1d935989f63ed7164bfd1a5a7d90a2fde1e46d63d0e6b7d2e2b1eb96ce3dbf1d7e9da6df742bb2c9cb5846444da78ac4ccfa21b7874392fdb93cc8fbd258f1d31c714ac57d90f6aecc36cd33d18b0e1a618e291ed9f1965055866667a8000000000000000000000000000000003c66fdd5fd928c48ea678c17473066ea918ba00c1abd4534d8a6f7f747a658eb59b4ed066cd8f0639cb9676ac739960ddb55e470f93acfed2fd9ec8403de7cb6cd96d92f3e74bc37ba7c318a9b77bc4b8f717b715d54e5e958e558f67eb3d7e800ced2800000000000000000000000000000000000000000000000000000000000000000000000000000000000000000000000000000000000000000000000000000000000000000000093dbf729c7118f51ccd3ba2de308c1664c55cb1b593b87f12d470ecd19b4f6da7e93ec98fdfb16ca5eb7ac5a968b567ba61974f3c66a7b553c19f2e09e715e6beaf0948e0de6d5b5672e389e27beb3c3597d15eb3bd79bd2741e5ae8f3d7b3a989a5be71f4e7f38f8ada3e44f31131dcfab5d40028000000000000000000000000000000000000000000000000000000000000000000000000000000000306b278c33eb9e1a0fbbeeba3495c51d49bdadccf1cf1c71ff00dd5ed46e59f2f656631d7fa3dff15634b932cef1d1a6d7f94da1e1b338b24cdaf1dd11f1eb3cbea96d66b7169a26267ad93c2b1f9a07539f26a324df24f33e11e10c5df3dbde361834d5c3d39cbce38d7943a9e2d3d9b7a348e958fbcf8cfd3d80090d00000000000000000000000000000000000000000000000000000000000000000000000000000000000000000000000000000000000000000000000000000000000000000000000000000002f3b5e5f2db7e9efe334889f6c763690dd17cdd7d0df1cf7e3bfdd3dbfaa65aac95ecde61eddc2751f89d162cbe358dfdf1ca7ea00c6d88000000000000000000000000000000000000000000000000000000000000000000000000000000002a7d27cbd7dc2291dd4a447be7b7f44436772cde5f5d9f273cc4de78f678359b7c71d9ac43c3f8a6a3f13accb963bed3b7bbbbe800b90000000000000000000000000000000000000000000000000000000000000000000000000000000000000000000000000000000000000000000000000000000000000000000000000000000000131d17cde4f5d6c533d992bd9ed8edfd56b507499a74fa9c5963be96895f6b68b562d59e626398940d5576b76bc5e9be466afce696da79eb49fa4ff9ddf404576400000000000000000000000000000000000000000000000000000000000000000000000000000035b72cff0037d0e7cbcf1315ecf6cf6436503d2acfd5c18b044f6de7ad3ec8feff0073262af6ad10d6f18d5fe0f4593377c472f7cf28facab4036af1200000000000000000000000000000000000000000000000000000000000000000000000000000000000000000000000000000000000000000000000000000000000000000000000000000000000016fe8f6a3cbedd5accf9d8bcc9f6782a095e8e6a7c86be31da7cccbe6fbfc3f4f7b0ea29daa7b9d07933aefc1ebeb16f56fe8cfc7a7d765b806b1ebe000000000000000000000000000000000000000000000000000035b5badd368b1f5f559a98e3c2267b67d91df2745622667686c88edab77d2ee739234d378b53be2f1c767a522a44c4c6f0adab349dad1b4802ab400000000000000000052b7ad47ce771cb689e6b5f32bec8fef2b4eeda9f9a68326489e2f31d5afb67fbf2a426e969d6ce03cb5d772a68ebff54fda3f3fa00263cfc0000000000000000000000000000000000000000000000000000000000000000000000000000000000000000000000000000000000000000000000000000000000000000000000000000000000007daccd6d1359e26279897c03a7385eb6ed4c6ab478f3471ccc7168f44f8b6556e8ceb3c96a6da7bcf9997e8faadfdab4b579a9d8b6cf67e05c46388e8eb9667d28e53ef8fd7a8031370000000000000000000000000000000000000000030ea355834d5e7519b1e28fe9da20df6222679433082d574a36ec1cc63b5f3dbfa15ecf8cf085d674bb559398d2e1c7863d36f3a7f463b66a57bd229a4cb7eed9769988899998888f19446bba45b7e9398f2be5af1f57179df7f7287abd7eaf593fe13a8c9923d133d9f0ee7dd06dfaad75faba5c36bfa6ddd58f6cb0cea26795612e9a0ad79e4b25f70e956b33f35d2d6ba7a7a63ceb7c51da1dbf5dbbe79b522f7e67cecb926788f6cacbb5f4530e2e326befe5afdfd4af6563f39fb966c74a62a4531d6b4a56388ad6388856315af3bde54b6ab1e28ece18f8a3764d9f0ed58add4b4df35f8ebde7c7d91e1094048888ac6d0d7def379ed5ba802ab400000000000000006b6e3aaae8f499335bbe238ac7a67c1588999da18f365a61c76c979da22379f82bdd26d5f95d5570567ccc5dffc52867dbda6f79b5a79b4cf333e97c6da95ec5621e21c435b6d76a6fa8bff0054fca3ba3e400b90c000000000000000000000000000000000000000000000000000000000000000000000000000000000000000000000000000000000000000000000000000000000000000000000000000000000000001f6b69ada2d59e26279895db6bd5c6b7474c9d9d78ecbc7a254848ec9aef99eae3af3fb1bf65fd5e8961cf8fb75de3ac3a3f26b8aff00a7eabb3927d0bf29f6784fefb9721f3be3b1f5ad7ae00280000000000000f933c44cf6cf1e10fa2a29dfcf0c95c968be8abd589eeebcc4c7dcdac5d30d2cfef74d9abfc3316fd137acdb747ace7e73a7c7799fadc713f18ed42eaba23a5bf33a6cd9314fa2de747ea8f31963a4ee9d5be9adeb5766ce3e946d97fa593253f8a93f972d9a6fdb65fe8eae91fc5131f8c2afa9e89ebf1f6e1b62cd1eab7567effd5199f68dc307ef3479bb3c6b5eb47c61679dc95eb0cb1a6d3dfd5b7d61d0abbaedf6eed6e9bdf922196badd2da788d4e099f4464872bbd2d49e2f59acfa26387953f133e0bbfd3ebdd6758f9ce0ff4f8bfaf07ce707fa7c5fd787270fc4cf829fe9d1fdceab6d7e8ebcf5b55a78e3d3923f562beefb753bf5ba7f76489fc1cbc3f133e0ac70faf7d9d23274876ba77eaeb3fc35b4fe10d5cbd2bdba9f4233e4fe1a71f8ca822d9d4d97c6831c75dd71cdd31a47ee74769f5defc7e4d0cfd2dd7dff774c38a3d55999fbe507874d9f3fee70e4c9fc15996fe0e8fee79bbb4b6ac7a6f315fc54f3992dd17f98d3e3ebb7c58b51bcee3a8fdeeaf2f1e8acf563ee68da66d3cda66667c6567d3743f516e2753a9c78e3d1489b4fe497d2f45b6fc3c4e48c99edfd3b711f085630e4b7552757831f2afd2142c78ef96f15c74b5ed3dd5ac73299d0f46770d4f16c948d3d27c724f6fc3bfe2be69f4d834d4eae9f0e3c55f452b10c97bd691cded158f5cf0cb5d3447ad28d7e2169e548d905b7f45f43a6e2d9fada9c9fd3ecafc3f5e53b8e95c748a63ac56b1d91158e221f62798e627987d678a56bd2106f92f9277b4ee00aac000000000000000000000153e91eb7e71aaf2349fd9e2ecf6dbc537bdebbe67a498a4fedb27657d5e99535334b8ff00ae5c17961c5b6ac68314f39e76fca3f39f80026bcf400000000000000000000000000000000000000000000000000000000000000000000000000000000000000000000000000000000000000000000000000000000000000000000000000000000000000000000167e8e6e1e571fcd72cfed291e64cf8c7a3dc9c73ec592f8b257263b4d6f59e62575daf5b4d769a2f1c45e3b2f5f44a06a317667b51d1e9de4af1afc5628d2669f4ebd3db1fac7db9f8b70045762000000000000000000000f37a56f5e2f58b47a26396ae4db74393e9e8f4f33e9f270dc7c99e22667c0da2558b4c74946db61db2ddfa3c7ee998fcd8bf9b7b4ffe57ff00dcbfeadbfe51c7cf6d2ff73d46bf0cfda8f72decd3c19bb59a3be7e72d2fe6ded3ff0095ff00f72ffabd57a3bb557bb491efbda7f36efcf707db9f849f3dc1f6fee93b14f083ce66f19f9cb5e9b2edb4eed1e1f7d79fc5b38b47a5c5fbad361a7f0d221e675d83ed4cfb9e2770c51dd5bcfb95dab0b67ce5baeedd11d6dc67eae3f8cb0df5d9addd315f641b9186d29699e3b67b98326af0d3eb75a7d15ed445f25ef3e7da67db2f95acda78ac4ccfa20ed3246188eb2dccbb85edd98eb15f5cf6cb05299753938e66d3e333e0d8c1a0b5b89cd3d58f4477a431d2b8eb15a44441b6ea4deb4e557cc34f278ab4e79e23bd90154700000000000000000000018f365a61c56c9927ab4ac7332c8aa748371f9ce5f2186dce1a4f6cc7d69fd1971639c96d9a9e33c569c334f396deb4f2ac78cfe91d65a1b8eaefadd55b2dfb23bab1e886b036911b46d0f1acd96f9b25b2e49ded33bc800c60000000000000000000000000000000000000000000000000000000000000000000000000000000000000000000000000000000000000000000000000000000000000000000000000000000000000000000003676fd664d16a2b971f6c775abf6a1ac131131b4b261cd7c178c98e76b473895f34b9f1ea70572e2b735b7ddea6752f69dc6fa1cde36c369f3ebf9c7ad71c39699b1d7262b45a968e6261accd8a71cfb1ebdc0f8d63e29879f2c91d63f38f64bd80c2de8000000000000000000003572e8b15fb6bcd27d5dcd4c9a0cb5fa135b47c12a1b32465b420ed832d3e963b7c18e7b1607c9889ef53b2be33cf7c2004f752bf66bf07d8888ee8883b2af9ff620ab8b25be8d2d3ec866a68b35bbeb158f5ca60365b39e7b9a18f6fac7ef2f33ea8ec6e63c54c71c52b10f62bb31daf6b75900168000000000000000000000089def748d2527161989d45a3fa91e9f6afa526f3b4226b75b8b438673e69da23ebec8f6b5fa41b9f93ace974f6f3e7b2f68f08f47b55a7d999b4ccda66667be65f1b3c78e31c6d0f1de2bc4f2f12cf39b274ee8f08fdf5005ed6800000000000000000000000000000000000000000000000000000000000000000000000000000000000000000000000000000000000000000000000000000000000000000000000000000000000000000000000000090da372be872f16e6d82d3e757d1eb8478a5ab168da5234baacba4cb19b0ced685ff0e5a66c55c98ad16a5bb6261914adb371cba0c9e6f9d8a67cea7e71eb5bb47a9c5aac319315bad59eff004c4fa25adcb8671cfb1eb3c178f61e294dba648eb1f9c7b3eb1dece030b7c000000000000000000000000000000000000000000000000000000021379de63075b0e9662d97ba6fe15fed5f4a4de76842d7ebf068314e6cf3b47d667c23f7f465de775ae8e938b0cc5b3cff00ecf5caa77b5af79b5e66d699e6667c4b5a6d69b5a666d3db333e2f8d963c718e368791f17e319b8a65eddf9563a4787f9f1900646a400000000000000000000000000000000000000000000000000000000000000000000000000000000000000000000000000000000000000000000000000000000000000000000000000000000000000000000000000000000067d1eaf2e8f3794c36e27c627ba7dac0131131b4b262cb7c378c98e7698e930b9edbb9e1d763e2be66588eda4fe5e94839ed2d6a5a2d499ada3b626278985876bdf6278c5adec9ee8c91f9fea83974d31ce8f45e0be565336d875be8dbfbbba7dfe1f6f72c23e5662d589acc4c4f6c4c3ea23b589df9c000a8000000000000000000000000000000000000000000000f392f5c749b5ed15ac473333d910d5d7ebf06869ce5b7379eea477caabb8ee39f5d6fda4f571c77523ba3f567c582d939f739fe31e50e9f86c4d23d2c9e11ddef9eefbfddbfbb6f76cbd6c3a399ae3ee9bf74dbd9e884183614a452368796ebf8867e2197cee7b6f3f48f747efda00b908000000000000000000000000000000000000000000000000000000000000000000000000000000000000000000000000000000000000000000000000000000000000000000000000000000000000000000000000000000000000000001bfb76e79f43688acf5f178d27f2f42d5a1d760d6e3eb61b76c77d67be1467bc596f87245f15e6978ee9860cb82b7e71ca5d1f07f29351c3b6c77f4f1f877c7ba7f2e9ee740107b5ef94cbc63d5f14c9dd17f09f6fa138817c76a4ed67a7e838869f5f8fce69edbc7d63df000b13400000000000000000000000000000000000006b6b75987478faf9edc7a2b1df3ec56226676863cb9a986939324ed11d665b1331113333c4477ca0b74df6b4eb63d1716b774e4f08f67a517b96eb9b5b3358fd9e1fb113dfed4726e2d34473bbcf78cf95d6c9be1d0f28feeef9f7787bfafb9eb25ed92f37c969b5a7b66667b5e412dc3cccda779ea002800000000000000000000000000000000000000000000000000000000000000000000000000000000000000000000000000000000000000000000000000000000000000000000000000000000000000000000000000000000000000000000000024f6cddf368e6297e7260fb33df1ec460a5ab168da52749accda3c919705bb331fbe6be693538b578a3261b75ab3f186754b6bc97c586b7c73359e653fa4d7d32f15c9c5327dd2d45e622f35f07b7e82d9353a3c5a9b75b56267e30de01467000000000000000000000000000000063cd96986936c96e2111abd75f3735a734c7e8f1952d68ab263c56c93cba3eeebbd534d36c5a6e32668ec99fab5fd55acf9b267bce4cb79bde7c65f757fe3193dac4da60a56b5898ef78cf1fe25a8d5eaaf8f2dbd1a5a6223bb94edf3006668800000000000000000000000000000000000000000000000000000000000000000000000000000000000000000000000000000000000000000000000000000000000000000000000000000000000000000000000000000000000000000000000000000000129a1ff16afbff0016c30e8e38d353d8ccd0e6fe65bdefa1382d7b1c3f057fe4affe586ee935f7c5c572f37a7df097c592996916c768b44ab6c98335f05fad8edc7abc24ade63aa565d3c5b9d794ac635349ada67e2b3e6e4f47a7d8db658989e8836acd6769001400000000000000000001e725eb8eb36bcc56b1e321d5e9a7abd7530735a717c9e8f0869eaf70b64e69879ad3d3e32d063b5fc12f169bbeef79b2df35fad92d332f00c4991111ca113abff19bfbbf0616c6ba38d4dbd710d76fb0ff002ebee7cf9c6abd8e23a88ff9edf7900646b0000000000000000000000000000000000000000000000000000000000000000000000000000000000000000000000000000000000000000000000000000000000000000000000000000000000000000000000000000000000000000000000000000000023b7b203af284c608e30638fe8c323e4471111e87d73f69de665f48e9f1f9ac55c7e1111f28005acc37f4bb8da9c573737afa7c61a02b1331d165e9178da564c596996bd6c768b47a9ed5ac77be3b75a969acfa6121837398e233579f5d7bd962f13d50efa6b47abcd2a30e1d4e1cbf42f1cfa27b25997a3cc4c75001400000001e6d6ad239b4c563d3320f434b36e3869cc539bdbd5dc8ed46b72e6ec9b756be885b378866a60bdbaf2496a75d8f0f315f3efe88ee844ea33e4cf7e725b9f44784310c56b4d9371e1ad3a75005aca0008ddc63f6f13e9ab55bdb9476e39f6c345bbd34ef8aaf08f2ab179ae2d9e3c6627e711200cee7c0000000000000000000000000000000000000000000000000000000000000000000000000000000000000000000000000000000000000000000000000000000000000000000000000000000000000000000000000000000000000000000000000000006cedb8bcb6bf4f498e626f1cc7abc5ac95e8d62f29b9c5b8fddd66df97e6b724ed5994ee1783cfeb3163f1b47cb7e6ddd661f219ed4fabdf1ec614dee5a7f2d879ac79f4ed8f5fa908d0de3697d0987276ebed005aca0000003363d4e6c7f4325b8f44f6c308ac4eca4c44f56fd373cb1f4eb5b7dccd5dd2bf5b14c7b279450af6e58a70639ee4c46e787c6b93e11fabecee783d1927dc8615f392b7f0d44bdb74c7f56979f6f10c56dd6df531447b67946876e57469e91dcdac9b86a2fdd68ac7f461af7bdaf3cded369f5cf2f22d999964ad2b5e9000a2e00000001b1a1c1e5f3c44fd08edb2b11badb5a2b1bcb06e9a4eaed35cd31e7f5e27d95e2504bb6f18bcaed9a8ac47757ad1eeedfc9496e349ea6cf1af2d71cc6be32ff007563e9bc7db6004971e0000000000000000000000000000000000000000000000000000000000000000000000000000000000000000000000000000000000000000000000000000000000000000000000000000000000000000000000000000000000000000000000000000002c9d14c5c62cf9a7c662b1eeedfce15b5d766c3e436dc1598f3ad1d69f7f6a3ea6db536f1755e47e9bceebfce4f4a44cfc6797e72de42ee7a6f2597af58f32ff74a69e3363ae5c76a5e3b25adb57b50f59c593cddb756c64cf8ad872cd2fdf1e3e963476ce262637800150000000000000000000000000007dac4dad1111cccf64427b458234f862bf5a7b6d3eb6a6d5a5e23cb648edfab1f9a4d9a95db9ca06a32ef3d987cb445ab313db131c4a819f1ce2cf931cf7d2d35f83a02a1d23c3e4b72b5a3e8e488b7e53f827696de94c381f2db4ddbd363cf1fd33b7c27fcc7d5160273cd40000000000000000000000000000000000000000000000000000000000000000000000000000000000000000000000000000000000000000000000000000000000000000000000000000000000000000000000000000000000000000000000000000019f4382753abc387eddb89f678af711c4711d90ad74574fd6cd975168eca4756bed9effefeb59903537dedb783d43c8ed1f99d1ce79eb79fa4728faee008aebdadadd346a31f6765e3e8ca0ad59ada6b68e263be166696e1a3f2f5ebe3e23247deb2f5df9c24e0cdd9f46dd10a1313133131c4c77c0c29e0000000000000000000000003736fd2797bf5ef1fb3afdfea63d1e96da8bfa291df29da52b4a45691c563ba17d2bbf3946cf9bb31d98eafb1d91c43e833a0084e94e9fafa4c79e23b71db89f64ff6f09b61d5618d469b262b775eb30bf1dbb368940e29a3fc6e93260ef98e5efeb1f55087dbd6697b52d1c5ab3c4c7adf1b57884c4c4ed200280000000000000000000000000000000000000000000000000000000000000000000000000000000000000000000000000000000000000000000000000000000000000000000000000000000000000000000000000000000000000000000000001df3d9de253a3da4f9c6ba325a39c78bce9f5cf87f7f5296b4563794ad1692faccf4c18fada76fd67e11cd64daf4df34d0e2c53f4b8e6ded96d8353699b4ef2f70c1869831d7153a56368f8002d65000696bb4519fcfc7c464fc50d7acd2d35b44c5a3be25666b6af4b4d457b7b2f1dd68596a6fce1270e7ecf2b74408cba8c19305b8c91ec9f0962614e89898de000540000000000000006d68f496d45b99e6b8e3be7d3ec67d1edf36e2f9fb2bf67c67da95ac456222b11111dd10c95a77ca2e6d44472af579c74ae3a45291c563ba1ec19507a8000002a7d25d2f91d6f95ac7999639f7c77a2175de349f3cd0de958e7257cea7b614aee9edef6cb4f7ed536f07927953c3e747ad9bd63d1bf38f7f7c7cf9fc4019dcd8000000000000000000000000000000000000000000000000000000000000000000000000000000000000000000000000000000000000000000000000000000000000000000000000000000000000000000000000000000000000000000000003ed626d688ac4cccf644478aedb5692345a3a63faf3e75e7d685e8d683af93e77963cdaf65227c67d2b3216a726f3d887a47921c2670e39d6e58e76e55f778fc7edef004376e000000000f37a56f59ade22d59f09466a76d98e6d82798fb33faa54526b13d57d325a9d159bd2d4b756f59acc784c3e2c9971532d78c958b47ada39b6ca4f338ad35f54f6c31ce39ee4ca6a6b3eb72448dac9a0d453bab168f4d6582f8ef4fa74b57db1c2c9898678bd6dd25e005170111333c44732cd4d2e7bfd1c56f7c70ac46ea4da23ab0890c5b6649edc96ad63d11db2ddc1a2c38b89eaf5ade9b76ae8a4cb0db514af4e68ad3e932e79e6b5e2bf6a52ba5d1e3c1dbc75aff6a7f26d0c9148844c99ed7e5dc00b98400000000054ba45a2f9beafcb523f6597b7d96f15b5afaed35357a5be1bf8f74fa27c25970e4ec5b769b8ef0c8e25a59c71eb473afbfc3e3fe5441ef362be0cd7c578e2f59e261e1b4eaf1bb5669335b46d30002d0000000000000000000000000000000000000000000000000000000000000000000000000000000000000000000000000000000000000000000000000000000000000000000000000000000000000000000000000000000000000000001b7b5e8afaed4c63af3148edbdbd10c3a5d3e4d567ae2c31cda7e11eb5d76fd1e3d169e3163ed9efb5bd32c19b2f62368eae93c9ee076e2597ce648ff6ebd7dbec8fcfd9ed66c58eb8b1d71e3ac56958e2221ec1ae99ddeb55ac562223a40028a8000000000000000003ccd2b3df589f73e793a7d8afc1ec0de5f2238eeec7d05400500000000000000000004374836ef9ce2f2f863f6d48ed88fad1faaaae86ad74836bea4db55a7af993db7ac787ad334f9bfa25c17955c0a6fbebb4f1cffaa3f3fd7e7e2810135e7a000000000000000000000000000000000000000000000000000000000000000000000000000000000000000000000000000000000000000000000000000000000000000000000000000000000000000000000000000000000000000336974f97559a3161af5ad3f08f5cb2eddb7e6d764e31c7148fa579ee85bb41a2c3a2c3d4c31db3f4ad3df32c19734539475747c13c9ecbc4ad19327a38fc7c7d91fafe6f1b66831e870f56be7649fa57f4ff0063741afb5a6d3bcbd5b4fa7c7a6c718b146d58e9000b5980000000000000000000000000000000000000000000000007c988989898e61f45455f7bda2704db3e96bce1efb563eaff006211d0d5fddf64eb4db368a389efb63fd3f44cc3a8fe9bbcf7ca0f25e626753a18e5df5fce3f4f97845707db44d6662d13131df13e0f898e0ba00000000000000000000000000000000000000000000000000000000000000000000000000000000000000000000000000000000000000000000000000000000000000000000000000000000000000000000000000000003cdef5c749be4b56b58ef9b4f110aeeebd2dd1e962d4d273a9cb1e31d948f7f8fb84ad368f3eaedd9c3599fdf8f458ed6ad6b336988ac77ccf627b6cd8ad93ab93593d5a4f6c5227b67db3e0e17baef1addcedfe13967c9f7c63af6563ddfaa6ba2dd38dd360ea62ebfcef451fe632cfd18fe8dbbe3ef8f531e58bcc7a0ed384f935870da326b7d29f08e9f1f1fb7bddf7163a62c75a63ac5691d9110f6aef46ba5fb57482b5ae9b3792d578e9f2f15bfbbd3ee589acb44c4ed2efa9d9ecc453a002d5e000000000000000000000000000000000000000000000000000000030eaf538347a7be7d5e6c7870d3b6d7c968ac47be5588dc6aee5b5e0d644db8ea66f0bc47e3e955370d264d0e7ae2cfd5e6dccd2627e9447a115d29f94fc78e2fa7e8fe3f297ee9d4e5af9b1fc35f1f6cfc25cc359b96b75bad9d66ab559b2ea6679f29369e63d9e8f727e9eb923d6e8e4f8d704d26be66f4f47278c749f7c77fbfabae0a16d3d30d460eae3dc29e5f1fdbaf65e3f295bf6edd745b8d79d2e7adade349ecb47b925e7dade13aad14ffb95de3c639c7f8f8b7801ad00000000000000000000000000000000000000000000000000000000000000000000000000000000000000000000000000000000000000000000000000000000000000000000000000000000000000007cb4c5626d698888ef99f0416e5d2cda341cc5b5319f247d4c1e7cfc7bbef19b0e9f2ea2dd9c559b4fb213cf93315899b4f111df32e71b97ca06a72735dbf4d4c35fb7927ad6f87747deabebb77dc35d7eb6af579727f4667cd8ff00863b06ff004be4beab2f3cd3148f9cfd397d5d675dd22db347cc5b51196f1f57179d3f1eefbd5dd7f4d335f9ae8b4f5c71f6f24f5a7e1ddf8a9183555bf1193cdb7a7c25b23a2d2f939a3c1cef1db9f6f4f947f96d6bb70d5ebadd6d5e7c997c62267b23d91dcd501bca52b8ebd9a46d1ec0017bed6d35b45ab331689e6263b26176e8dfca36ebb5f5716bff00fcc34d1d9fb49e32563d56f1f7f3ee5205b6a56f1b5a1756f6a4ef597e8ae8f74b768dfa2b5d1ea629a89ff3197cdbfc3c7ddcac0fcab133131313c4c78addd1ff00940deb69eae3c99a35ba68ecf27a8e66623d56eff8f31ea44be967ad652e9aaeeb3be0a5ec3f28bb2ee7d5a6a6f6d0679fab9fe84cfaafddf1e171c7929971d6f8af5bd2d1cc5ab3cc4fb2516d49af294aadeb68deb2f602d5c000000000000000000000000000000000000000000022f79dfb6cd9b1cdb71d662c33c7314e79bcfb2b1daac44cf285266239ca518757aac1a3d3df3eaf363c386bdb37c968ac47be5cbb7ff954b4f5b16c7a4eac77797d477fbab1f9cfb9ceb76ddf5fbbe7f2db96ab2ea2fe1d69ecafb23ba3dc934d35a7d6e48f7d4d6bd39baa7493e54349a6ebe1d8f17cef2c76796c9135c71ec8efb7dce5fbdef9b8ef79fcaee5aac99a6279ad3ba95f6563b211a25d31569d10ef96d7ea00c8c63ed666b689accc4c76c4c783e009cdbfa4fb969222b39633d23eae58e67e3deb1e83a65a3cbc57578b269edf6a3ceafebf7280f1932571c7369e06a355c0f45a9de6d4da7c6397f8762d26b74bacaf5b4b9f1e58fe8db998f6c78361c26fabc9d789c56b63e3b626b3c4fc533b6f4c377d0f116cf1a9c71f573c75a7e3dff78e7b53e4a64af3d3df7f64f29f9f4fb3ae8a66dbd3ed0e6e2bafc1934d6fb55f3ebfafdcb468771d1ebe9d6d1ea71668f18a5b998f6c77c0e7753c3f53a5fe752623c7bbe71c9b60086000000000000000000000000000000000000000000000000000000000000000000000000000000000000000000000000000000000000000000000000000000000000000000000023b74deb6fdb227e79aac74bc47d089e6df08ed17e3c57cb6ec638999f624499e3bdcff0074f940efa6d9a5ff00e667ff00fe63f554b73df371dce67e79abc97a4fd489ead7e11d83a0d2f933aacdcf2ed48f6f39f97eb30ea3b9f4a769dbf98c9aaae5c91f530f9f3fa47be553dcfa7fa9c9cd76ed3530d7ede49eb5be1dd1f7a900e934be4de8f073bc76e7dbd3e5faeedddc375d7ee33ceb755972c7d99b715f847634806f298eb8ebd9a46d1ec00178cd87517c7d9f4abe896101298b3532c79b3dbe896443c4f13cc4f0dac5abb57b3279d1e9f106f0f18f256f1cd2797b0000000123b46f9b96cf93afb6eb7360ede66b5b7359f6d67b27e08e098dfa91331ce1d3366f956d4e3ead377d1533d7c72e09ea5bfab3d93f72f3b3f4df61dd222316ba9832cff9bd47ece7e33d93ee997e7a182da6a5ba7267aea6f5ebcdfaa6b31688b566262639898f17d7e66daf7bdcf6a989dbf5da8c11cf3d4ade7ab3edaf74fc16fdb3e54b77d3f15d760d36b2b1df3c793bcfbe3b3ee47b696d1d39a4575559ebc9da85036df951d9b51c575b8753a4b78ccd7af58f7c76fdcb3edfd25d9770e2349b9e96f69eea4de2b69ff8678961b63b57ac33d7252dd25303e44f31cc773eac5e00a00000000000000000000000d7d5eb34da3c7d7d5ea30e0a7dacb78ac7deae6e1d3fe8ee8b98f9f7ce2f1f570526fcfbfbbef5d14b5ba42d9b56bd656b1caf72f959af6d76cdb267d17d45ff00edafeaa8ee9d3ce90ee316adb5d3a7c73f534d5f27c7bfe97decd5d35e7af261b6a691d39bbaee3ba6876dc7d7dc357834f5e398f2978899f6477cfb94bde3e5476ad2f5a9b6e1cdaebc775bf774f8cf6fdce319725f2e4b5f2ded7bcf6cdad3cccfbde522ba5ac7adcd1edaab4fabc96edebe5077ddce2d4c79e347867ea69a3ab3fd6eff0084c2a792f6c97b5f25ad6bda799b5a7999979122b58af28860b5ed69de640155a0000003e4cc447333c43065d5529d95f3adeaee69e5cb7c93e74f67a3c01b39b5711d98bb67d2d3b5a6d6e6d3ccbe000003d63bdf1de2f8ed35b4775ab3c4c3c82931bac5b6f4c377d0f116cf1a9c71f573c75a7e3dff007ad7b674f7419fab5d761c9a6bf8da3cfa7ebf73990355aae09a2d4f3b5369f18e5fe1ddb45aed2ebb1f5f47a8c59abe3d4b44f1edf4365c0f0e5c9832464c392f8f24775a933131ef85976be9b6e9a3e2ba8b53578fd19238b7f5a3f3e4737aaf2572d39e9eddaf64f29fd3eceae2afb5f4db6bd6715d45ada4c93e193b6bfd68fcf8597165c79b1d7261bd7252ddb16acf313ef1cdea3499f4d3d9cd49afefc7a3d8023800000000000000000000000000000000000000000000000000000000000000000000000000000000000000000000000000000000000000000000000000000035b5faed2e830f95d667c7871fa6d3dfec8f1f7297bc74fab1d6c7b4e0eb4f7796cdd91eeafebf013b47c3753ad9ff0066bbc78f77cd7acb971e1c76c99af5c74af6cdad3c447bd56ddba71b768f9a6922daccb1f63cda7f5a7f289739dcb74d6ee593afaed4e4cb3cf31133e6c7b23ba1a43acd1f92d8a9b5b536ed4f84728f9f5fb2c3baf4bb75dc3ad58cdf36c53f530f9bf19ef57e6666666666667be65f01d2e0d361d3d7b38ab158f6000ce000000000000000fb599acf359989f536716ae63b324731e986a8095c7929923ccb44fa9ed0f13c4f31d92d8c5aabd7b2de747afbc12030e3d4e3bf8f567d12cc0000000000000dcd0ee9b8683fc4b5da9d3fab165b563e1129fd1fca0f48f4bc47cfe33563eae5c75b7dfc73f7aa82934adbac2e8bda3a4ba3693e55f72a711abd06932f1fe8e6d49fbe6531a6f959d1dbfc676bd4639ffd3c917fc621c84629d3e39ee648d4648ef771d3fca7747f2f1d7f9e61fe3c513ff4cca430f4ff00a35963b3728acfa2f8b247fdafcfc2d9d2d17c6aaefd1b8fa5dd1fbf3d5ddf471c7dabf1f8b62bd22d92d3115de36e999ee88d4d39fc5f9a85bf84af8aefc5dbc1fa6bf96b6aff0059e87fe7d3f53f96b6aff59e87fe7d3f57e6514fc2478abf8b9f07e98befbb4638e6fbae82b1e99d4523f361bf49f62a71d6de36f9e7ecea2b3f84bf3687e12be2a7e2ede0fd0f97a6dd1cc71cdb75c13fc316b7e10d1cdf28fd1bc7f4357972ff00060bfe710e0c2e8d2d16ceaefe0ed1a8f955d9e9cc60d26bb24faeb5ac7fd5f922b55f2b579e634bb4563d16c99f9fba2bf9b960ba34f8e3b96cea324f7af3acf94fdfb3f3186349a68f09c78b99ff00dd3282d6f4b77fd6f3e5f75d5713df18efe4e27dd5e10632463a4748639c979eb2f59325f2de6f92f6bde7bed69e665e417ac00000000001e6f7ad239b5a201e89ecef6a64d6447663af3eb96ae4cb7c9f4ad331e806ee5d5529d95f3a7d5dcd3cb9af93be788f44318000000000000000000036f6fdc759b764ebe8b53930cf8f567b27db1dd2d405b7a56f1d9bc6f1ed5eb69e9fe6a7569ba69e32d7fd261ecb7c3ba7ee5cf6adef6edd6b1f33d4d2d7eff276f36f1ee97127daccd6d13599898ed8981cfeb3c9ad2e7f4b17a13ece9f2fd261df8725da3a65b9e83ab4cd78d5e18fab967cef75bbfe3caf5b374b36cdcfab49c9f37cf3fe6f376733ea9ee91c9eb7816af49e94d7b55f18e7f38eb0b00034e0000000000000000000000000000000000000000000000000000000000000000000000000000000000000000000000000000000000000000000f96b456b36b4c4562399999ec88533a43d38c1a5eb60daa2ba8cd1d93967e857d9f6bf012b49a2cdacbf630d77fb47be56cd76b74da0c139b599a9871c78da7bfd9e95177ce9edad16c5b3e29a477797c91dbeeafebf052f70d7eab71d44e6d6e6be5c93dd369ec8f5447835876dc3fc9ac1836bea3d3b78777f9f8b3eb357a8d6e69cdabcd7cd927eb5e796001d256b158dab1b4000b80000000000000000000000000007bc796f8fe8da623d0f003731eb3c3257df0d8a66c77eeb473e89ec4580981154cb929f46d311e867a6b2d1f4eb13ecec06f0c14d563b77ccd7dacb5bd6df46d13ec907a0000000000000000000000000000000000963be7c75efbc7bbb41906a5f5958fa1599f6b0df5592ddd3158f50242d68ac7369888f5b05f578ebf479b4fa9a133333cccf33eb7c06c64d564b7779b1ea6099999e667997c000000000000000000000000000000000013bb274a372daa6b4ae59cda78ecf2596798e3d53df0e83b174b36edd7ab8e6df36d4cff9bcb3df3ea9f1fc5c841a6d7f03d2eb3d2dbb36f18fce3a4fdddfc726e8ff004c35db675716799d56963b3ab79f3ab1ea9fca5d2366de745bc61f29a3cb16b4479d8edd96afb63f3ee1c3f10e0fa8d04ef78debe31d3e3e1f6f6a4401aa00000000000000000000000000000000000000000000000000000000000000000000000000000000000000000000000000000000011fbceefa3da34de5b59938e7e8d23b6d79f54237a53d27c1b2e39c58bab9b5b68ecc7cf657d76fd1caf70d6ea370d55b51abcb6cb96ddf33e1ea8f440e8b84701beb36cb9bd1a7d67ddfafc92bd23e93eb779b4e399f21a4e7b30d27bff8a7c7f04080efb069f1e9e918f1576880019800000000000000000000000000000000000000000000192b9b257baf2cb5d5e48ef8acfb9ac0376bad8fad49f74b257578a7be663db08e012919b1cf75ebf17b8b44f74c4fb251002604445ad1dd698f7bd465c91f5edf104a88c8cf963ebcbec6a72c7d7fba0124237e739bedfdd07ce737dbfba0124237e739bedfdd0f93a8cbf6e7e009311739b2cfd7b3cce4bcf7ded3ef04b3cce4a477debf144ccccf78092b6a7147d6e7d90f16d6638ee8b4b4006ddb5b3f56911ed9e58ada9cb6fadc7b218407db5ad6fa5699f6cbe000000000000000000000000000000000000000000000000cba6d466d2e7a66d364be2cb59e6b6acf130c40a4c45a369e8e93d18e9ae3d4f534dbbcd71669ecae68eca5bdbe89fbbd8bac4c4c731db0e02b57453a5b9b6b9a69b5b36cda2ee8f1b63f67a63d5f01c7f16f26e277cda38da7bebfa7e8eaa3169b518b558299b4f92b9315e39adab3cc4c328e2e626b3b4f50014000000000000000000000000000000000000000000000000000000000000000000000000000000000000000000000000154e99f4a2369a4e9747316d75a3b67be3147a67d7eafef3b5d31e905765d1c530f16d6e58fd9d67eac7da9fefdee499725f365be4cb7b5f25e79b5ad3cccc8ea380f05fc4cc6a33c7a11d23c7fc7dccb92f9b2df265bdaf92f3cdad69e6665e0077b11111b4000a80000000000000000000000000000000000000000000000000000000000000000000000000000000000000000000000000000000000000000000000000000000000000027ba2dd22cfb26a3ab3ce4d1de7f698bd1ebafaff175bd16ab0eb74b8f51a6bc5f0e48e6b6870658fa1fd22becdabf259e66da1cb3e7d7bfa93f6a3f31cd71ce0b1aaace7c11e9c75f6ff9fbbae0f38ef5c98eb7c768b52d1135b44f31313e2f43cfba0000000000000000000000000000000000000000000000000000000000000000000000000000000000000000000000d3ddf70c3b5edf9b57a89f331c76478da7c223dadc72cf942de7e7fb9fccf0db9d3e96789e3eb5fc67ddddf11b3e13c3e75fa88c7fd31ce7ddfe7fcf72bbb9ebb36e5aecbaad4db9c99279f54478447aa1aa03d4694ad2b15ac6d10002e0000000000000000000000000000000000000000000000000000000000000000000000000000000000000000000000000000000000000000000000000000000000000000000005fbe4eb7ee2d1b56aadd93db82d3e1e9afe71ffd9d05c0b15ed8b257263b4d6f498b56d1df131e2ecfd19dd6bbc6d18b53cc7958f332d63c2f1dff001eff0078e0fca5e1b186ff008ac71cadd7dffe7ee960072a00000000000000000000000000000000000000000000000000000000000000000000000000000000000000000088e956e7fc93b26a35159e32cc793c5fc53ddf0ed9f738bcccccccccf333e2ba7ca6ee1e5b72c3a1a4f9982bd7b47f4adfd9c7c54b1e8de4e68e34fa48c931e95f9fc3bbf5f8800e800000000000000000000000000000000000000000000000000000000000000000000000000000000000000000000000000000000000000000000000000000000000000000000000005a7e4f374f996f51a6c96e30eae3a9ea8bfd59fc63deab3ed2f6c77ade9335b56626263c2446d5e9abaac36c36e931ff00c7d5df8696cbad8dc76ad2eae38e72d22678f0b774c7c796e8f24c94b63b4d2dd639000b40000000000000000000000000000000000000000000000000000000000000000000000000000000000007cb4c56b3333c4476ccbea27a55a9f9a74775f962789f253489f44dbcd8fc464c38a7364ae38eb3311f39d9c8777d5cebf73d56aa79fdae49b473e11cf647c386a00f5fa522958a57a47200178000000000000000000000000000000000000000000000000000000000000000000000000000000000000000000000000000000000000000000000000000000000000000000000000003a57c97eb3caedba9d25a7b70e48bd7f86dfdb13f15d5cabe4df53e47a4518a67b33e2b538f5c79df94baa8f35f2870799d75a63a5b69f9ff0098001a3000000000000000000000000000000000000000000000000000000000000000000000000000000000000152f94bcfe4fa3d4c71fe77356b3ec8899fca16d50fe557271836ec7f6ad7b7c22bfa8daf04a79cd7e28f6eff0028ddcf001ea200000000000000000000000000000000000000000000000000000000000000000000000000000000000000000000000000000000000000000000000000000000000000000000000000000093e8ce7f9bf4876fc9ff00ad5acfb26789fc5db1c0f064f259f1e4fb168b7c25df070fe56d36c98afe3131f2ff00e400722000000000000000000000000000000000000000000fffd9, '2023-04-22 16:55:39', '2023-04-22 16:55:39', 'user');
INSERT INTO `users` (`id`, `fullname`, `email`, `address`, `username`, `password`, `avatar`, `create_at`, `update_at`, `role`) VALUES
(5, 'Trần Khánh Huy', 'huy@gmail.com', 'Can Tho', 'huy', '12345678', '', '2023-05-07 00:11:58', '2023-05-07 00:11:58', 'user'),
(6, 'Lê Minh Đức', 'duc@gmail.com', 'Can Tho', 'duc', '12345678', '', '2023-05-07 00:13:13', '2023-05-07 00:13:13', 'user');

--
-- Indexes for dumped tables
--

--
-- Indexes for table `admin`
--
ALTER TABLE `admin`
  ADD PRIMARY KEY (`id`);

--
-- Indexes for table `cart`
--
ALTER TABLE `cart`
  ADD PRIMARY KEY (`id`),
  ADD KEY `user_id` (`user_id`),
  ADD KEY `product_id` (`product_id`);

--
-- Indexes for table `categories`
--
ALTER TABLE `categories`
  ADD PRIMARY KEY (`id`);

--
-- Indexes for table `orders`
--
ALTER TABLE `orders`
  ADD PRIMARY KEY (`id`);

--
-- Indexes for table `order_items`
--
ALTER TABLE `order_items`
  ADD PRIMARY KEY (`id`),
  ADD KEY `order_id` (`order_id`);

--
-- Indexes for table `products`
--
ALTER TABLE `products`
  ADD PRIMARY KEY (`id`),
  ADD KEY `category_id_idx` (`category_id`);

--
-- Indexes for table `product_images`
--
ALTER TABLE `product_images`
  ADD PRIMARY KEY (`id`),
  ADD KEY `product_id` (`product_id`);

--
-- Indexes for table `users`
--
ALTER TABLE `users`
  ADD PRIMARY KEY (`id`);

--
-- AUTO_INCREMENT for dumped tables
--

--
-- AUTO_INCREMENT for table `admin`
--
ALTER TABLE `admin`
  MODIFY `id` int(11) NOT NULL AUTO_INCREMENT, AUTO_INCREMENT=3;

--
-- AUTO_INCREMENT for table `cart`
--
ALTER TABLE `cart`
  MODIFY `id` int(11) NOT NULL AUTO_INCREMENT;

--
-- AUTO_INCREMENT for table `categories`
--
ALTER TABLE `categories`
  MODIFY `id` int(11) NOT NULL AUTO_INCREMENT, AUTO_INCREMENT=103;

--
-- AUTO_INCREMENT for table `orders`
--
ALTER TABLE `orders`
  MODIFY `id` int(11) NOT NULL AUTO_INCREMENT, AUTO_INCREMENT=63;

--
-- AUTO_INCREMENT for table `order_items`
--
ALTER TABLE `order_items`
  MODIFY `id` int(11) NOT NULL AUTO_INCREMENT, AUTO_INCREMENT=8;

--
-- AUTO_INCREMENT for table `products`
--
ALTER TABLE `products`
  MODIFY `id` int(11) NOT NULL AUTO_INCREMENT, AUTO_INCREMENT=105;

--
-- AUTO_INCREMENT for table `product_images`
--
ALTER TABLE `product_images`
  MODIFY `id` int(11) NOT NULL AUTO_INCREMENT, AUTO_INCREMENT=254;

--
-- AUTO_INCREMENT for table `users`
--
ALTER TABLE `users`
  MODIFY `id` int(11) NOT NULL AUTO_INCREMENT, AUTO_INCREMENT=12;

--
-- Constraints for dumped tables
--

--
-- Constraints for table `cart`
--
ALTER TABLE `cart`
  ADD CONSTRAINT `cart_ibfk_1` FOREIGN KEY (`user_id`) REFERENCES `users` (`id`),
  ADD CONSTRAINT `cart_ibfk_2` FOREIGN KEY (`product_id`) REFERENCES `products` (`id`);

--
-- Constraints for table `order_items`
--
ALTER TABLE `order_items`
  ADD CONSTRAINT `order_items_ibfk_1` FOREIGN KEY (`order_id`) REFERENCES `orders` (`id`);

--
-- Constraints for table `products`
--
ALTER TABLE `products`
  ADD CONSTRAINT `products_ibfk_1` FOREIGN KEY (`category_id`) REFERENCES `categories` (`id`) ON DELETE CASCADE ON UPDATE CASCADE;

--
-- Constraints for table `product_images`
--
ALTER TABLE `product_images`
  ADD CONSTRAINT `product_images_ibfk_1` FOREIGN KEY (`product_id`) REFERENCES `products` (`id`) ON DELETE CASCADE ON UPDATE CASCADE;
COMMIT;

/*!40101 SET CHARACTER_SET_CLIENT=@OLD_CHARACTER_SET_CLIENT */;
/*!40101 SET CHARACTER_SET_RESULTS=@OLD_CHARACTER_SET_RESULTS */;
/*!40101 SET COLLATION_CONNECTION=@OLD_COLLATION_CONNECTION */;
